mode: atomic
github.com/mnemcik/consigliere/main.go:10.13,11.38 1 0
github.com/mnemcik/consigliere/main.go:11.38,15.29 2 0
github.com/mnemcik/consigliere/main.go:15.29,17.4 1 0
github.com/mnemcik/consigliere/main.go:18.3,18.13 1 0
github.com/mnemcik/consigliere/internal/cgerr/cgerr.go:26.37,26.61 1 0
github.com/mnemcik/consigliere/internal/cgerr/cgerr.go:28.37,28.53 1 0
github.com/mnemcik/consigliere/internal/cgerr/cgerr.go:31.37,31.54 1 0
github.com/mnemcik/consigliere/internal/cgerr/cgerr.go:34.57,36.2 1 0
github.com/mnemcik/consigliere/internal/cgerr/cgerr.go:39.38,40.16 1 0
github.com/mnemcik/consigliere/internal/cgerr/cgerr.go:40.16,42.3 1 0
github.com/mnemcik/consigliere/internal/cgerr/cgerr.go:43.2,43.42 1 0
github.com/mnemcik/consigliere/internal/pushpolicy/pushpolicy.go:30.43,31.16 1 5
github.com/mnemcik/consigliere/internal/pushpolicy/pushpolicy.go:31.16,33.3 1 1
github.com/mnemcik/consigliere/internal/pushpolicy/pushpolicy.go:34.2,35.16 2 4
github.com/mnemcik/consigliere/internal/pushpolicy/pushpolicy.go:35.16,37.3 1 0
github.com/mnemcik/consigliere/internal/pushpolicy/pushpolicy.go:38.2,39.26 2 4
github.com/mnemcik/consigliere/internal/pushpolicy/pushpolicy.go:39.26,41.18 2 5
github.com/mnemcik/consigliere/internal/pushpolicy/pushpolicy.go:41.18,42.12 1 0
github.com/mnemcik/consigliere/internal/pushpolicy/pushpolicy.go:44.3,44.58 1 5
github.com/mnemcik/consigliere/internal/pushpolicy/pushpolicy.go:44.58,45.37 1 22
github.com/mnemcik/consigliere/internal/pushpolicy/pushpolicy.go:45.37,46.13 1 18
github.com/mnemcik/consigliere/internal/pushpolicy/pushpolicy.go:48.4,48.50 1 4
github.com/mnemcik/consigliere/internal/pushpolicy/pushpolicy.go:48.50,49.36 1 16
github.com/mnemcik/consigliere/internal/pushpolicy/pushpolicy.go:50.17,51.26 1 2
github.com/mnemcik/consigliere/internal/pushpolicy/pushpolicy.go:52.13,53.22 1 2
github.com/mnemcik/consigliere/internal/pushpolicy/pushpolicy.go:58.2,58.21 1 4
github.com/mnemcik/consigliere/internal/pushpolicy/pushpolicy.go:58.21,59.24 1 2
github.com/mnemcik/consigliere/internal/pushpolicy/pushpolicy.go:59.24,61.4 1 2
github.com/mnemcik/consigliere/internal/pushpolicy/pushpolicy.go:63.2,63.16 1 2
github.com/mnemcik/consigliere/internal/pushpolicy/pushpolicy.go:94.78,95.65 1 0
github.com/mnemcik/consigliere/internal/pushpolicy/pushpolicy.go:95.65,97.3 1 0
github.com/mnemcik/consigliere/internal/pushpolicy/pushpolicy.go:98.2,100.32 3 0
github.com/mnemcik/consigliere/internal/pushpolicy/pushpolicy.go:100.32,102.3 1 0
github.com/mnemcik/consigliere/internal/pushpolicy/pushpolicy.go:103.2,105.32 2 0
github.com/mnemcik/consigliere/internal/pushpolicy/pushpolicy.go:106.14,107.81 1 0
github.com/mnemcik/consigliere/internal/pushpolicy/pushpolicy.go:108.10,109.56 1 0
github.com/mnemcik/consigliere/internal/pushpolicy/pushpolicy.go:110.10,111.19 1 0
github.com/mnemcik/consigliere/internal/pushpolicy/pushpolicy.go:115.44,116.56 1 0
github.com/mnemcik/consigliere/internal/pushpolicy/pushpolicy.go:116.56,118.33 2 0
github.com/mnemcik/consigliere/internal/pushpolicy/pushpolicy.go:118.33,119.49 1 0
github.com/mnemcik/consigliere/internal/pushpolicy/pushpolicy.go:119.49,121.5 1 0
github.com/mnemcik/consigliere/internal/pushpolicy/pushpolicy.go:123.3,123.11 1 0
github.com/mnemcik/consigliere/internal/pushpolicy/pushpolicy.go:125.2,125.27 1 0
github.com/mnemcik/consigliere/internal/pushpolicy/pushpolicy.go:125.27,127.3 1 0
github.com/mnemcik/consigliere/internal/pushpolicy/pushpolicy.go:128.2,128.25 1 0
github.com/mnemcik/consigliere/internal/pushpolicy/pushpolicy.go:128.25,130.3 1 0
github.com/mnemcik/consigliere/internal/pushpolicy/pushpolicy.go:131.2,131.12 1 0
github.com/mnemcik/consigliere/internal/pushpolicy/pushpolicy.go:135.43,140.16 4 4
github.com/mnemcik/consigliere/internal/pushpolicy/pushpolicy.go:140.16,142.3 1 0
github.com/mnemcik/consigliere/internal/pushpolicy/pushpolicy.go:143.2,147.19 5 4
github.com/mnemcik/consigliere/internal/pushpolicy/pushpolicy.go:147.19,149.3 1 4
github.com/mnemcik/consigliere/internal/pushpolicy/pushpolicy.go:150.2,150.27 1 4
github.com/mnemcik/consigliere/internal/pushpolicy/pushpolicy.go:155.74,159.43 3 0
github.com/mnemcik/consigliere/internal/pushpolicy/pushpolicy.go:159.43,162.3 1 0
github.com/mnemcik/consigliere/internal/pushpolicy/pushpolicy.go:164.2,165.18 2 0
github.com/mnemcik/consigliere/internal/pushpolicy/pushpolicy.go:165.18,167.66 1 0
github.com/mnemcik/consigliere/internal/pushpolicy/pushpolicy.go:167.66,169.4 1 0
github.com/mnemcik/consigliere/internal/pushpolicy/pushpolicy.go:171.2,173.29 2 0
github.com/mnemcik/consigliere/internal/pushpolicy/pushpolicy.go:173.29,176.3 1 0
github.com/mnemcik/consigliere/internal/pushpolicy/pushpolicy.go:177.2,178.103 1 0
github.com/mnemcik/consigliere/internal/pushpolicy/pushpolicy.go:183.38,184.50 1 6
github.com/mnemcik/consigliere/internal/pushpolicy/pushpolicy.go:184.50,186.17 2 7
github.com/mnemcik/consigliere/internal/pushpolicy/pushpolicy.go:186.17,187.12 1 1
github.com/mnemcik/consigliere/internal/pushpolicy/pushpolicy.go:189.3,190.33 2 6
github.com/mnemcik/consigliere/internal/pushpolicy/pushpolicy.go:192.2,192.11 1 0
github.com/mnemcik/consigliere/internal/pushpolicy/pushpolicy.go:197.34,201.43 4 5
github.com/mnemcik/consigliere/internal/pushpolicy/pushpolicy.go:201.43,202.15 1 13
github.com/mnemcik/consigliere/internal/pushpolicy/pushpolicy.go:202.15,204.12 2 1
github.com/mnemcik/consigliere/internal/pushpolicy/pushpolicy.go:206.3,206.10 1 12
github.com/mnemcik/consigliere/internal/pushpolicy/pushpolicy.go:207.20,208.12 1 0
github.com/mnemcik/consigliere/internal/pushpolicy/pushpolicy.go:209.24,211.12 2 1
github.com/mnemcik/consigliere/internal/pushpolicy/pushpolicy.go:212.36,213.12 1 1
github.com/mnemcik/consigliere/internal/pushpolicy/pushpolicy.go:215.3,215.18 1 10
github.com/mnemcik/consigliere/internal/pushpolicy/pushpolicy.go:215.18,217.12 2 5
github.com/mnemcik/consigliere/internal/pushpolicy/pushpolicy.go:219.3,219.47 1 5
github.com/mnemcik/consigliere/internal/pushpolicy/pushpolicy.go:219.47,221.4 1 2
github.com/mnemcik/consigliere/internal/pushpolicy/pushpolicy.go:221.9,223.4 1 3
github.com/mnemcik/consigliere/internal/pushpolicy/pushpolicy.go:225.2,225.15 1 5
github.com/mnemcik/consigliere/internal/pushpolicy/pushpolicy.go:228.49,237.2 2 1
github.com/mnemcik/consigliere/internal/audit/audit.go:24.44,26.16 2 1
github.com/mnemcik/consigliere/internal/audit/audit.go:26.16,28.3 1 0
github.com/mnemcik/consigliere/internal/audit/audit.go:29.2,30.26 2 1
github.com/mnemcik/consigliere/internal/audit/audit.go:30.26,32.22 2 4
github.com/mnemcik/consigliere/internal/audit/audit.go:32.22,33.12 1 1
github.com/mnemcik/consigliere/internal/audit/audit.go:35.3,36.17 2 3
github.com/mnemcik/consigliere/internal/audit/audit.go:36.17,37.12 1 0
github.com/mnemcik/consigliere/internal/audit/audit.go:40.3,40.35 1 3
github.com/mnemcik/consigliere/internal/audit/audit.go:40.35,42.4 1 4
github.com/mnemcik/consigliere/internal/audit/audit.go:45.2,46.32 2 1
github.com/mnemcik/consigliere/internal/audit/audit.go:46.32,49.3 2 3
github.com/mnemcik/consigliere/internal/audit/audit.go:50.2,50.38 1 1
github.com/mnemcik/consigliere/internal/audit/audit.go:50.38,51.45 1 3
github.com/mnemcik/consigliere/internal/audit/audit.go:51.45,53.4 1 2
github.com/mnemcik/consigliere/internal/audit/audit.go:54.3,54.33 1 1
github.com/mnemcik/consigliere/internal/audit/audit.go:56.2,56.17 1 1
github.com/mnemcik/consigliere/internal/audit/audit.go:81.52,84.16 3 1
github.com/mnemcik/consigliere/internal/audit/audit.go:84.16,86.3 1 0
github.com/mnemcik/consigliere/internal/audit/audit.go:87.2,89.16 3 1
github.com/mnemcik/consigliere/internal/audit/audit.go:89.16,91.3 1 0
github.com/mnemcik/consigliere/internal/audit/audit.go:92.2,92.26 1 1
github.com/mnemcik/consigliere/internal/audit/audit.go:92.26,93.37 1 3
github.com/mnemcik/consigliere/internal/audit/audit.go:93.37,95.4 1 2
github.com/mnemcik/consigliere/internal/audit/audit.go:97.2,101.26 4 1
github.com/mnemcik/consigliere/internal/audit/audit.go:101.26,103.16 2 4
github.com/mnemcik/consigliere/internal/audit/audit.go:103.16,105.4 1 0
github.com/mnemcik/consigliere/internal/audit/audit.go:106.3,107.17 2 4
github.com/mnemcik/consigliere/internal/audit/audit.go:107.17,108.12 1 0
github.com/mnemcik/consigliere/internal/audit/audit.go:110.3,111.18 2 4
github.com/mnemcik/consigliere/internal/audit/audit.go:111.18,113.12 2 1
github.com/mnemcik/consigliere/internal/audit/audit.go:115.3,116.47 2 3
github.com/mnemcik/consigliere/internal/audit/audit.go:118.2,118.47 1 1
github.com/mnemcik/consigliere/internal/audit/audit.go:118.47,119.53 1 3
github.com/mnemcik/consigliere/internal/audit/audit.go:119.53,121.4 1 2
github.com/mnemcik/consigliere/internal/audit/audit.go:122.3,122.53 1 1
github.com/mnemcik/consigliere/internal/audit/audit.go:125.2,126.25 2 1
github.com/mnemcik/consigliere/internal/audit/audit.go:126.25,128.3 1 2
github.com/mnemcik/consigliere/internal/audit/audit.go:129.2,130.27 2 1
github.com/mnemcik/consigliere/internal/audit/audit.go:130.27,131.26 1 2
github.com/mnemcik/consigliere/internal/audit/audit.go:131.26,133.4 1 1
github.com/mnemcik/consigliere/internal/audit/audit.go:135.2,135.17 1 1
github.com/mnemcik/consigliere/internal/manifest/manifest.go:64.35,67.2 2 24
github.com/mnemcik/consigliere/internal/manifest/manifest.go:71.44,72.45 1 43
github.com/mnemcik/consigliere/internal/manifest/manifest.go:72.45,74.3 1 38
github.com/mnemcik/consigliere/internal/manifest/manifest.go:75.2,75.14 1 5
github.com/mnemcik/consigliere/internal/manifest/manifest.go:80.43,82.2 1 43
github.com/mnemcik/consigliere/internal/manifest/manifest.go:93.51,95.32 2 23
github.com/mnemcik/consigliere/internal/manifest/manifest.go:95.32,97.3 1 12
github.com/mnemcik/consigliere/internal/manifest/manifest.go:100.2,100.47 1 11
github.com/mnemcik/consigliere/internal/manifest/manifest.go:100.47,102.3 1 1
github.com/mnemcik/consigliere/internal/manifest/manifest.go:103.2,103.17 1 10
github.com/mnemcik/consigliere/internal/manifest/manifest.go:103.17,105.31 2 20
github.com/mnemcik/consigliere/internal/manifest/manifest.go:105.31,107.4 1 7
github.com/mnemcik/consigliere/internal/manifest/manifest.go:108.3,108.14 1 13
github.com/mnemcik/consigliere/internal/manifest/manifest.go:110.2,110.14 1 3
github.com/mnemcik/consigliere/internal/manifest/manifest.go:123.32,135.2 4 11
github.com/mnemcik/consigliere/internal/manifest/manifest.go:140.54,142.75 2 7
github.com/mnemcik/consigliere/internal/manifest/manifest.go:142.75,147.14 5 12
github.com/mnemcik/consigliere/internal/manifest/manifest.go:147.14,148.12 1 1
github.com/mnemcik/consigliere/internal/manifest/manifest.go:150.3,150.49 1 11
github.com/mnemcik/consigliere/internal/manifest/manifest.go:152.2,152.12 1 7
github.com/mnemcik/consigliere/internal/manifest/manifest.go:159.66,163.18 4 3
github.com/mnemcik/consigliere/internal/manifest/manifest.go:163.18,165.3 1 1
github.com/mnemcik/consigliere/internal/manifest/manifest.go:166.2,168.13 3 2
github.com/mnemcik/consigliere/internal/manifest/manifest.go:168.13,170.3 1 1
github.com/mnemcik/consigliere/internal/manifest/manifest.go:171.2,173.22 3 1
github.com/mnemcik/consigliere/internal/manifest/manifest.go:180.54,181.56 1 2
github.com/mnemcik/consigliere/internal/manifest/manifest.go:181.56,183.3 1 1
github.com/mnemcik/consigliere/internal/manifest/manifest.go:184.2,185.24 2 2
github.com/mnemcik/consigliere/internal/manifest/manifest.go:191.62,193.49 2 2
github.com/mnemcik/consigliere/internal/manifest/manifest.go:193.49,195.3 1 4
github.com/mnemcik/consigliere/internal/manifest/manifest.go:196.2,201.3 1 2
github.com/mnemcik/consigliere/internal/manifest/manifest.go:214.78,216.82 2 2
github.com/mnemcik/consigliere/internal/manifest/manifest.go:216.82,217.21 1 10
github.com/mnemcik/consigliere/internal/manifest/manifest.go:217.21,219.4 1 0
github.com/mnemcik/consigliere/internal/manifest/manifest.go:220.3,220.16 1 10
github.com/mnemcik/consigliere/internal/manifest/manifest.go:220.16,224.56 1 5
github.com/mnemcik/consigliere/internal/manifest/manifest.go:224.56,226.5 1 2
github.com/mnemcik/consigliere/internal/manifest/manifest.go:227.4,227.14 1 3
github.com/mnemcik/consigliere/internal/manifest/manifest.go:229.3,229.43 1 5
github.com/mnemcik/consigliere/internal/manifest/manifest.go:229.43,231.4 1 3
github.com/mnemcik/consigliere/internal/manifest/manifest.go:232.3,233.18 2 2
github.com/mnemcik/consigliere/internal/manifest/manifest.go:233.18,235.4 1 0
github.com/mnemcik/consigliere/internal/manifest/manifest.go:236.3,237.13 2 2
github.com/mnemcik/consigliere/internal/manifest/manifest.go:239.2,239.16 1 2
github.com/mnemcik/consigliere/internal/manifest/manifest.go:239.16,241.3 1 0
github.com/mnemcik/consigliere/internal/manifest/manifest.go:242.2,242.17 1 2
github.com/mnemcik/consigliere/internal/manifest/manifest.go:246.30,248.2 1 3
github.com/mnemcik/consigliere/internal/manifest/manifest.go:251.43,253.16 2 1
github.com/mnemcik/consigliere/internal/manifest/manifest.go:253.16,255.3 1 0
github.com/mnemcik/consigliere/internal/manifest/manifest.go:256.2,257.68 2 1
github.com/mnemcik/consigliere/internal/manifest/manifest.go:257.68,259.3 1 0
github.com/mnemcik/consigliere/internal/manifest/manifest.go:260.2,260.61 1 1
github.com/mnemcik/consigliere/internal/manifest/manifest.go:260.61,262.3 1 0
github.com/mnemcik/consigliere/internal/manifest/manifest.go:263.2,263.12 1 1
github.com/mnemcik/consigliere/internal/manifest/manifest.go:267.42,269.16 2 2
github.com/mnemcik/consigliere/internal/manifest/manifest.go:269.16,270.37 1 1
github.com/mnemcik/consigliere/internal/manifest/manifest.go:270.37,272.4 1 1
github.com/mnemcik/consigliere/internal/manifest/manifest.go:273.3,273.18 1 0
github.com/mnemcik/consigliere/internal/manifest/manifest.go:275.2,276.49 2 1
github.com/mnemcik/consigliere/internal/manifest/manifest.go:276.49,278.3 1 0
github.com/mnemcik/consigliere/internal/manifest/manifest.go:279.2,279.16 1 1
github.com/mnemcik/consigliere/internal/wizard/answers.go:27.39,28.14 1 5
github.com/mnemcik/consigliere/internal/wizard/answers.go:28.14,30.3 1 1
github.com/mnemcik/consigliere/internal/wizard/answers.go:31.2,31.45 1 4
github.com/mnemcik/consigliere/internal/wizard/render.go:12.39,13.14 1 3
github.com/mnemcik/consigliere/internal/wizard/render.go:13.14,15.3 1 1
github.com/mnemcik/consigliere/internal/wizard/render.go:16.2,19.25 4 3
github.com/mnemcik/consigliere/internal/wizard/render.go:19.25,21.3 1 1
github.com/mnemcik/consigliere/internal/wizard/render.go:21.8,23.3 1 2
github.com/mnemcik/consigliere/internal/wizard/render.go:24.2,27.26 3 3
github.com/mnemcik/consigliere/internal/wizard/render.go:27.26,28.51 1 1
github.com/mnemcik/consigliere/internal/wizard/render.go:28.51,30.4 1 2
github.com/mnemcik/consigliere/internal/wizard/render.go:31.8,33.3 1 2
github.com/mnemcik/consigliere/internal/wizard/render.go:34.2,37.25 3 3
github.com/mnemcik/consigliere/internal/wizard/render.go:37.25,39.3 1 1
github.com/mnemcik/consigliere/internal/wizard/render.go:40.2,43.19 4 3
github.com/mnemcik/consigliere/internal/wizard/render.go:49.50,50.14 1 2
github.com/mnemcik/consigliere/internal/wizard/render.go:50.14,52.3 1 1
github.com/mnemcik/consigliere/internal/wizard/render.go:53.2,62.26 9 1
github.com/mnemcik/consigliere/internal/wizard/render.go:62.26,64.3 1 1
github.com/mnemcik/consigliere/internal/wizard/render.go:64.8,66.3 1 0
github.com/mnemcik/consigliere/internal/wizard/render.go:67.2,76.19 9 1
github.com/mnemcik/consigliere/internal/wizard/render.go:87.58,88.14 1 5
github.com/mnemcik/consigliere/internal/wizard/render.go:88.14,90.3 1 1
github.com/mnemcik/consigliere/internal/wizard/render.go:91.2,94.66 2 4
github.com/mnemcik/consigliere/internal/wizard/render.go:94.66,96.3 1 1
github.com/mnemcik/consigliere/internal/wizard/render.go:97.2,104.29 4 3
github.com/mnemcik/consigliere/internal/wizard/render.go:104.29,105.41 1 5
github.com/mnemcik/consigliere/internal/wizard/render.go:105.41,107.9 2 3
github.com/mnemcik/consigliere/internal/wizard/render.go:110.2,110.22 1 3
github.com/mnemcik/consigliere/internal/wizard/render.go:110.22,112.3 1 0
github.com/mnemcik/consigliere/internal/wizard/render.go:117.2,118.47 2 3
github.com/mnemcik/consigliere/internal/wizard/render.go:118.47,119.61 1 9
github.com/mnemcik/consigliere/internal/wizard/render.go:119.61,121.9 2 3
github.com/mnemcik/consigliere/internal/wizard/render.go:123.3,123.60 1 6
github.com/mnemcik/consigliere/internal/wizard/render.go:123.60,124.9 1 0
github.com/mnemcik/consigliere/internal/wizard/render.go:127.2,127.18 1 3
github.com/mnemcik/consigliere/internal/wizard/render.go:127.18,129.3 1 0
github.com/mnemcik/consigliere/internal/wizard/render.go:131.2,132.43 2 3
github.com/mnemcik/consigliere/internal/wizard/render.go:132.43,134.77 2 4
github.com/mnemcik/consigliere/internal/wizard/render.go:134.77,136.12 2 1
github.com/mnemcik/consigliere/internal/wizard/render.go:138.3,138.8 1 3
github.com/mnemcik/consigliere/internal/wizard/render.go:141.2,145.32 5 3
github.com/mnemcik/consigliere/internal/wizard/render.go:158.36,162.2 3 10
github.com/mnemcik/consigliere/internal/wizard/render.go:164.36,166.46 2 1
github.com/mnemcik/consigliere/internal/wizard/render.go:166.46,168.17 2 2
github.com/mnemcik/consigliere/internal/wizard/render.go:168.17,170.4 1 2
github.com/mnemcik/consigliere/internal/wizard/render.go:172.2,172.12 1 1
github.com/mnemcik/consigliere/internal/wizard/render.go:175.37,177.13 2 3
github.com/mnemcik/consigliere/internal/wizard/render.go:177.13,179.3 1 0
github.com/mnemcik/consigliere/internal/wizard/render.go:180.2,180.44 1 3
github.com/mnemcik/consigliere/internal/wizard/render.go:180.44,182.3 1 2
github.com/mnemcik/consigliere/internal/wizard/render.go:183.2,183.10 1 1
github.com/mnemcik/consigliere/internal/wizard/render.go:190.39,193.2 2 9
github.com/mnemcik/consigliere/internal/wizard/render.go:198.37,199.32 1 14
github.com/mnemcik/consigliere/internal/wizard/render.go:199.32,201.3 1 2
github.com/mnemcik/consigliere/internal/wizard/render.go:202.2,204.45 3 12
github.com/mnemcik/consigliere/internal/wizard/render.go:204.45,206.14 2 23
github.com/mnemcik/consigliere/internal/wizard/render.go:206.14,207.12 1 2
github.com/mnemcik/consigliere/internal/wizard/render.go:209.3,209.27 1 21
github.com/mnemcik/consigliere/internal/wizard/render.go:209.27,210.12 1 3
github.com/mnemcik/consigliere/internal/wizard/render.go:212.3,213.23 2 18
github.com/mnemcik/consigliere/internal/wizard/render.go:215.2,215.32 1 12
github.com/mnemcik/consigliere/internal/wizard/wizard.go:21.29,22.42 1 0
github.com/mnemcik/consigliere/internal/wizard/wizard.go:22.42,24.3 1 0
github.com/mnemcik/consigliere/internal/wizard/wizard.go:26.2,85.35 4 0
github.com/mnemcik/consigliere/internal/wizard/wizard.go:85.35,87.3 1 0
github.com/mnemcik/consigliere/internal/wizard/wizard.go:90.2,99.60 6 0
github.com/mnemcik/consigliere/internal/wizard/wizard.go:99.60,101.3 1 0
github.com/mnemcik/consigliere/internal/wizard/wizard.go:102.2,102.15 1 0
github.com/mnemcik/consigliere/internal/wizard/wizard.go:105.35,106.13 1 0
github.com/mnemcik/consigliere/internal/wizard/wizard.go:106.13,108.3 1 0
github.com/mnemcik/consigliere/internal/wizard/wizard.go:109.2,109.27 1 0
github.com/mnemcik/consigliere/internal/wizard/wizard.go:109.27,111.3 1 0
github.com/mnemcik/consigliere/internal/wizard/wizard.go:112.2,112.12 1 0
github.com/mnemcik/consigliere/internal/sync/sync.go:58.59,59.9 1 20
github.com/mnemcik/consigliere/internal/sync/sync.go:60.43,62.19 1 8
github.com/mnemcik/consigliere/internal/sync/sync.go:63.43,65.23 1 3
github.com/mnemcik/consigliere/internal/sync/sync.go:66.21,68.23 1 1
github.com/mnemcik/consigliere/internal/sync/sync.go:69.49,71.24 1 3
github.com/mnemcik/consigliere/internal/sync/sync.go:72.47,75.25 1 3
github.com/mnemcik/consigliere/internal/sync/sync.go:76.10,78.23 1 2
github.com/mnemcik/consigliere/internal/sync/sync.go:85.84,87.25 2 7
github.com/mnemcik/consigliere/internal/sync/sync.go:87.25,89.3 1 7
github.com/mnemcik/consigliere/internal/sync/sync.go:90.2,90.27 1 7
github.com/mnemcik/consigliere/internal/sync/sync.go:90.27,92.3 1 4
github.com/mnemcik/consigliere/internal/sync/sync.go:93.2,93.28 1 7
github.com/mnemcik/consigliere/internal/sync/sync.go:93.28,95.3 1 9
github.com/mnemcik/consigliere/internal/sync/sync.go:97.2,97.54 1 7
github.com/mnemcik/consigliere/internal/sync/sync.go:97.54,98.25 1 33
github.com/mnemcik/consigliere/internal/sync/sync.go:98.25,100.4 1 20
github.com/mnemcik/consigliere/internal/sync/sync.go:101.3,101.13 1 13
github.com/mnemcik/consigliere/internal/sync/sync.go:104.2,105.22 2 7
github.com/mnemcik/consigliere/internal/sync/sync.go:105.22,111.3 1 11
github.com/mnemcik/consigliere/internal/sync/sync.go:112.2,112.14 1 7
github.com/mnemcik/consigliere/internal/sync/sync.go:120.10,123.40 3 3
github.com/mnemcik/consigliere/internal/sync/sync.go:123.40,124.37 1 5
github.com/mnemcik/consigliere/internal/sync/sync.go:124.37,126.4 1 3
github.com/mnemcik/consigliere/internal/sync/sync.go:127.3,127.35 1 2
github.com/mnemcik/consigliere/internal/sync/sync.go:129.2,129.29 1 3
github.com/mnemcik/consigliere/internal/sync/sync.go:133.46,135.29 2 1
github.com/mnemcik/consigliere/internal/sync/sync.go:135.29,137.3 1 2
github.com/mnemcik/consigliere/internal/sync/sync.go:138.2,138.12 1 1
github.com/mnemcik/consigliere/internal/sync/sync.go:143.35,144.29 1 2
github.com/mnemcik/consigliere/internal/sync/sync.go:144.29,145.34 1 2
github.com/mnemcik/consigliere/internal/sync/sync.go:145.34,147.4 1 1
github.com/mnemcik/consigliere/internal/sync/sync.go:149.2,149.14 1 1
github.com/mnemcik/consigliere/internal/workspace/share.go:58.49,59.20 1 14
github.com/mnemcik/consigliere/internal/workspace/share.go:59.20,61.3 1 11
github.com/mnemcik/consigliere/internal/workspace/share.go:62.2,62.17 1 3
github.com/mnemcik/consigliere/internal/workspace/share.go:75.34,78.58 1 11
github.com/mnemcik/consigliere/internal/workspace/share.go:78.58,80.3 1 6
github.com/mnemcik/consigliere/internal/workspace/share.go:81.2,81.42 1 5
github.com/mnemcik/consigliere/internal/workspace/share.go:81.42,82.36 1 6
github.com/mnemcik/consigliere/internal/workspace/share.go:82.36,84.4 1 2
github.com/mnemcik/consigliere/internal/workspace/share.go:86.2,86.13 1 3
github.com/mnemcik/consigliere/internal/workspace/share.go:96.40,99.73 3 19
github.com/mnemcik/consigliere/internal/workspace/share.go:99.73,101.3 1 5
github.com/mnemcik/consigliere/internal/workspace/share.go:102.2,103.38 2 19
github.com/mnemcik/consigliere/internal/workspace/share.go:114.40,115.14 1 23
github.com/mnemcik/consigliere/internal/workspace/share.go:115.14,117.3 1 1
github.com/mnemcik/consigliere/internal/workspace/share.go:122.2,123.41 2 22
github.com/mnemcik/consigliere/internal/workspace/share.go:123.41,125.37 2 25
github.com/mnemcik/consigliere/internal/workspace/share.go:125.37,127.4 1 1
github.com/mnemcik/consigliere/internal/workspace/share.go:128.3,128.38 1 24
github.com/mnemcik/consigliere/internal/workspace/share.go:128.38,130.4 1 2
github.com/mnemcik/consigliere/internal/workspace/share.go:131.3,131.56 1 22
github.com/mnemcik/consigliere/internal/workspace/share.go:131.56,133.4 1 1
github.com/mnemcik/consigliere/internal/workspace/share.go:134.3,134.48 1 21
github.com/mnemcik/consigliere/internal/workspace/share.go:134.48,136.4 1 8
github.com/mnemcik/consigliere/internal/workspace/share.go:137.3,138.41 2 13
github.com/mnemcik/consigliere/internal/workspace/share.go:138.41,140.4 1 1
github.com/mnemcik/consigliere/internal/workspace/share.go:141.3,142.27 2 12
github.com/mnemcik/consigliere/internal/workspace/share.go:142.27,144.4 1 1
github.com/mnemcik/consigliere/internal/workspace/share.go:145.3,145.35 1 11
github.com/mnemcik/consigliere/internal/workspace/share.go:145.35,146.38 1 11
github.com/mnemcik/consigliere/internal/workspace/share.go:146.38,148.5 1 1
github.com/mnemcik/consigliere/internal/workspace/share.go:149.4,149.44 1 10
github.com/mnemcik/consigliere/internal/workspace/share.go:149.44,151.5 1 1
github.com/mnemcik/consigliere/internal/workspace/share.go:152.4,152.34 1 9
github.com/mnemcik/consigliere/internal/workspace/share.go:152.34,153.37 1 1
github.com/mnemcik/consigliere/internal/workspace/share.go:153.37,155.6 1 1
github.com/mnemcik/consigliere/internal/workspace/share.go:157.4,157.39 1 8
github.com/mnemcik/consigliere/internal/workspace/share.go:157.39,158.41 1 1
github.com/mnemcik/consigliere/internal/workspace/share.go:158.41,160.6 1 1
github.com/mnemcik/consigliere/internal/workspace/share.go:164.2,164.12 1 4
github.com/mnemcik/consigliere/internal/workspace/share.go:168.48,169.14 1 22
github.com/mnemcik/consigliere/internal/workspace/share.go:169.14,171.3 1 0
github.com/mnemcik/consigliere/internal/workspace/share.go:172.2,173.29 2 22
github.com/mnemcik/consigliere/internal/workspace/share.go:173.29,175.3 1 25
github.com/mnemcik/consigliere/internal/workspace/share.go:176.2,177.14 2 22
github.com/mnemcik/consigliere/internal/workspace/share.go:181.48,183.28 2 0
github.com/mnemcik/consigliere/internal/workspace/share.go:183.28,185.3 1 0
github.com/mnemcik/consigliere/internal/workspace/share.go:186.2,187.14 2 0
github.com/mnemcik/consigliere/internal/workspace/workspace.go:91.53,92.16 1 0
github.com/mnemcik/consigliere/internal/workspace/workspace.go:92.16,94.3 1 0
github.com/mnemcik/consigliere/internal/workspace/workspace.go:95.2,95.30 1 0
github.com/mnemcik/consigliere/internal/workspace/workspace.go:95.30,96.39 1 0
github.com/mnemcik/consigliere/internal/workspace/workspace.go:96.39,99.4 2 0
github.com/mnemcik/consigliere/internal/workspace/workspace.go:101.2,101.43 1 0
github.com/mnemcik/consigliere/internal/workspace/workspace.go:106.52,107.30 1 0
github.com/mnemcik/consigliere/internal/workspace/workspace.go:107.30,108.35 1 0
github.com/mnemcik/consigliere/internal/workspace/workspace.go:108.35,111.4 2 0
github.com/mnemcik/consigliere/internal/workspace/workspace.go:113.2,113.14 1 0
github.com/mnemcik/consigliere/internal/workspace/workspace.go:119.41,121.16 2 2
github.com/mnemcik/consigliere/internal/workspace/workspace.go:121.16,123.3 1 0
github.com/mnemcik/consigliere/internal/workspace/workspace.go:124.2,124.80 1 2
github.com/mnemcik/consigliere/internal/workspace/workspace.go:158.52,160.35 2 4
github.com/mnemcik/consigliere/internal/workspace/workspace.go:160.35,162.3 1 2
github.com/mnemcik/consigliere/internal/workspace/workspace.go:163.2,163.26 1 4
github.com/mnemcik/consigliere/internal/workspace/workspace.go:163.26,165.3 1 3
github.com/mnemcik/consigliere/internal/workspace/workspace.go:166.2,166.27 1 4
github.com/mnemcik/consigliere/internal/workspace/workspace.go:166.27,168.3 1 3
github.com/mnemcik/consigliere/internal/workspace/workspace.go:169.2,169.29 1 4
github.com/mnemcik/consigliere/internal/workspace/workspace.go:169.29,171.3 1 3
github.com/mnemcik/consigliere/internal/workspace/workspace.go:172.2,172.10 1 4
github.com/mnemcik/consigliere/internal/workspace/workspace.go:177.50,179.34 2 1
github.com/mnemcik/consigliere/internal/workspace/workspace.go:179.34,181.3 1 0
github.com/mnemcik/consigliere/internal/workspace/workspace.go:182.2,182.28 1 1
github.com/mnemcik/consigliere/internal/workspace/workspace.go:182.28,184.3 1 1
github.com/mnemcik/consigliere/internal/workspace/workspace.go:185.2,185.27 1 1
github.com/mnemcik/consigliere/internal/workspace/workspace.go:185.27,187.3 1 1
github.com/mnemcik/consigliere/internal/workspace/workspace.go:188.2,188.22 1 1
github.com/mnemcik/consigliere/internal/workspace/workspace.go:188.22,190.3 1 1
github.com/mnemcik/consigliere/internal/workspace/workspace.go:191.2,191.25 1 1
github.com/mnemcik/consigliere/internal/workspace/workspace.go:191.25,193.3 1 1
github.com/mnemcik/consigliere/internal/workspace/workspace.go:194.2,194.10 1 1
github.com/mnemcik/consigliere/internal/workspace/workspace.go:199.56,201.37 2 1
github.com/mnemcik/consigliere/internal/workspace/workspace.go:201.37,203.3 1 0
github.com/mnemcik/consigliere/internal/workspace/workspace.go:204.2,204.20 1 1
github.com/mnemcik/consigliere/internal/workspace/workspace.go:204.20,206.3 1 1
github.com/mnemcik/consigliere/internal/workspace/workspace.go:207.2,207.10 1 1
github.com/mnemcik/consigliere/internal/workspace/workspace.go:212.42,215.16 3 16
github.com/mnemcik/consigliere/internal/workspace/workspace.go:215.16,216.37 1 11
github.com/mnemcik/consigliere/internal/workspace/workspace.go:216.37,218.4 1 11
github.com/mnemcik/consigliere/internal/workspace/workspace.go:219.3,219.18 1 0
github.com/mnemcik/consigliere/internal/workspace/workspace.go:222.2,223.51 2 5
github.com/mnemcik/consigliere/internal/workspace/workspace.go:223.51,225.3 1 1
github.com/mnemcik/consigliere/internal/workspace/workspace.go:227.2,227.33 1 4
github.com/mnemcik/consigliere/internal/workspace/workspace.go:227.33,229.3 1 1
github.com/mnemcik/consigliere/internal/workspace/workspace.go:231.2,231.18 1 3
github.com/mnemcik/consigliere/internal/workspace/workspace.go:242.70,244.6 2 2
github.com/mnemcik/consigliere/internal/workspace/workspace.go:244.6,245.42 1 11
github.com/mnemcik/consigliere/internal/workspace/workspace.go:245.42,247.4 1 0
github.com/mnemcik/consigliere/internal/workspace/workspace.go:247.9,247.22 1 11
github.com/mnemcik/consigliere/internal/workspace/workspace.go:247.22,249.4 1 1
github.com/mnemcik/consigliere/internal/workspace/workspace.go:250.3,250.32 1 10
github.com/mnemcik/consigliere/internal/workspace/workspace.go:250.32,252.4 1 0
github.com/mnemcik/consigliere/internal/workspace/workspace.go:253.3,254.20 2 10
github.com/mnemcik/consigliere/internal/workspace/workspace.go:254.20,256.4 1 1
github.com/mnemcik/consigliere/internal/workspace/workspace.go:257.3,257.15 1 9
github.com/mnemcik/consigliere/internal/workspace/workspace.go:261.44,267.28 2 10
github.com/mnemcik/consigliere/internal/workspace/workspace.go:267.28,268.59 1 10
github.com/mnemcik/consigliere/internal/workspace/workspace.go:268.59,270.4 1 10
github.com/mnemcik/consigliere/internal/workspace/workspace.go:272.2,272.13 1 0
github.com/mnemcik/consigliere/internal/meta/meta.go:71.54,73.39 2 6
github.com/mnemcik/consigliere/internal/meta/meta.go:73.39,76.3 2 5
github.com/mnemcik/consigliere/internal/meta/meta.go:77.2,78.39 2 1
github.com/mnemcik/consigliere/internal/meta/meta.go:78.39,80.3 1 0
github.com/mnemcik/consigliere/internal/meta/meta.go:83.2,83.44 1 1
github.com/mnemcik/consigliere/internal/meta/meta.go:83.44,84.59 1 2
github.com/mnemcik/consigliere/internal/meta/meta.go:84.59,86.4 1 2
github.com/mnemcik/consigliere/internal/meta/meta.go:88.2,88.12 1 1
github.com/mnemcik/consigliere/internal/meta/meta.go:116.40,118.16 2 20
github.com/mnemcik/consigliere/internal/meta/meta.go:118.16,120.3 1 1
github.com/mnemcik/consigliere/internal/meta/meta.go:121.2,121.15 1 19
github.com/mnemcik/consigliere/internal/meta/meta.go:121.15,121.32 1 19
github.com/mnemcik/consigliere/internal/meta/meta.go:123.2,133.59 7 19
github.com/mnemcik/consigliere/internal/meta/meta.go:133.59,138.33 2 165
github.com/mnemcik/consigliere/internal/meta/meta.go:138.33,140.12 2 9
github.com/mnemcik/consigliere/internal/meta/meta.go:142.3,142.20 1 156
github.com/mnemcik/consigliere/internal/meta/meta.go:142.20,143.21 1 21
github.com/mnemcik/consigliere/internal/meta/meta.go:143.21,148.76 3 9
github.com/mnemcik/consigliere/internal/meta/meta.go:148.76,149.28 1 8
github.com/mnemcik/consigliere/internal/meta/meta.go:149.28,151.7 1 6
github.com/mnemcik/consigliere/internal/meta/meta.go:155.6,155.93 1 8
github.com/mnemcik/consigliere/internal/meta/meta.go:155.93,157.7 1 4
github.com/mnemcik/consigliere/internal/meta/meta.go:159.5,159.13 1 9
github.com/mnemcik/consigliere/internal/meta/meta.go:161.4,162.12 2 12
github.com/mnemcik/consigliere/internal/meta/meta.go:165.3,165.70 1 135
github.com/mnemcik/consigliere/internal/meta/meta.go:165.70,167.4 1 4
github.com/mnemcik/consigliere/internal/meta/meta.go:168.3,168.72 1 135
github.com/mnemcik/consigliere/internal/meta/meta.go:168.72,170.4 1 9
github.com/mnemcik/consigliere/internal/meta/meta.go:171.3,171.26 1 135
github.com/mnemcik/consigliere/internal/meta/meta.go:171.26,172.9 1 5
github.com/mnemcik/consigliere/internal/meta/meta.go:175.2,175.33 1 19
github.com/mnemcik/consigliere/internal/meta/meta.go:175.33,177.3 1 0
github.com/mnemcik/consigliere/internal/meta/meta.go:178.2,178.17 1 19
github.com/mnemcik/consigliere/internal/meta/meta.go:183.40,184.76 1 4
github.com/mnemcik/consigliere/internal/meta/meta.go:184.76,186.28 2 3
github.com/mnemcik/consigliere/internal/meta/meta.go:186.28,188.4 1 5
github.com/mnemcik/consigliere/internal/meta/meta.go:189.3,189.14 1 3
github.com/mnemcik/consigliere/internal/meta/meta.go:191.2,191.32 1 1
github.com/mnemcik/consigliere/internal/meta/meta.go:194.34,196.23 2 10
github.com/mnemcik/consigliere/internal/meta/meta.go:196.23,197.34 1 15
github.com/mnemcik/consigliere/internal/meta/meta.go:197.34,199.4 1 15
github.com/mnemcik/consigliere/internal/meta/meta.go:201.2,201.12 1 10
github.com/mnemcik/consigliere/internal/meta/meta.go:214.35,216.45 2 28
github.com/mnemcik/consigliere/internal/meta/meta.go:216.45,218.3 1 2
github.com/mnemcik/consigliere/internal/meta/meta.go:219.2,219.27 1 26
github.com/mnemcik/consigliere/internal/autoupdate/bootstrap.go:14.32,16.2 1 3
github.com/mnemcik/consigliere/internal/autoupdate/bootstrap.go:25.31,26.85 1 3
github.com/mnemcik/consigliere/internal/autoupdate/bootstrap.go:26.85,28.3 1 3
github.com/mnemcik/consigliere/internal/autoupdate/bootstrap.go:30.2,31.16 2 0
github.com/mnemcik/consigliere/internal/autoupdate/bootstrap.go:31.16,33.3 1 0
github.com/mnemcik/consigliere/internal/autoupdate/bootstrap.go:34.2,35.16 2 0
github.com/mnemcik/consigliere/internal/autoupdate/bootstrap.go:35.16,37.3 1 0
github.com/mnemcik/consigliere/internal/autoupdate/bootstrap.go:38.2,38.15 1 0
github.com/mnemcik/consigliere/internal/autoupdate/bootstrap.go:38.15,38.38 1 0
github.com/mnemcik/consigliere/internal/autoupdate/bootstrap.go:43.2,50.36 7 0
github.com/mnemcik/consigliere/internal/autoupdate/bootstrap.go:50.36,52.3 1 0
github.com/mnemcik/consigliere/internal/autoupdate/bootstrap.go:54.2,54.27 1 0
github.com/mnemcik/consigliere/internal/autoupdate/bootstrap_unix.go:9.47,11.2 1 1
github.com/mnemcik/consigliere/internal/autoupdate/github.go:29.20,30.80 1 5
github.com/mnemcik/consigliere/internal/autoupdate/github.go:30.80,32.3 1 4
github.com/mnemcik/consigliere/internal/autoupdate/github.go:33.2,33.20 1 1
github.com/mnemcik/consigliere/internal/autoupdate/github.go:39.23,40.79 1 7
github.com/mnemcik/consigliere/internal/autoupdate/github.go:40.79,42.3 1 7
github.com/mnemcik/consigliere/internal/autoupdate/github.go:43.2,43.23 1 0
github.com/mnemcik/consigliere/internal/autoupdate/github.go:50.28,51.84 1 8
github.com/mnemcik/consigliere/internal/autoupdate/github.go:51.84,53.3 1 2
github.com/mnemcik/consigliere/internal/autoupdate/github.go:54.2,54.28 1 6
github.com/mnemcik/consigliere/internal/autoupdate/github.go:65.70,68.16 3 7
github.com/mnemcik/consigliere/internal/autoupdate/github.go:68.16,70.3 1 0
github.com/mnemcik/consigliere/internal/autoupdate/github.go:71.2,74.16 3 7
github.com/mnemcik/consigliere/internal/autoupdate/github.go:74.16,76.3 1 0
github.com/mnemcik/consigliere/internal/autoupdate/github.go:77.2,77.15 1 7
github.com/mnemcik/consigliere/internal/autoupdate/github.go:77.15,77.40 1 7
github.com/mnemcik/consigliere/internal/autoupdate/github.go:79.2,79.38 1 7
github.com/mnemcik/consigliere/internal/autoupdate/github.go:79.38,82.3 2 1
github.com/mnemcik/consigliere/internal/autoupdate/github.go:84.2,85.64 2 6
github.com/mnemcik/consigliere/internal/autoupdate/github.go:85.64,87.3 1 0
github.com/mnemcik/consigliere/internal/autoupdate/github.go:88.2,89.15 2 6
github.com/mnemcik/consigliere/internal/autoupdate/github.go:89.15,91.3 1 0
github.com/mnemcik/consigliere/internal/autoupdate/github.go:92.2,92.28 1 6
github.com/mnemcik/consigliere/internal/autoupdate/github.go:99.33,101.42 2 67
github.com/mnemcik/consigliere/internal/autoupdate/github.go:101.42,103.3 1 53
github.com/mnemcik/consigliere/internal/autoupdate/github.go:104.2,104.16 1 14
github.com/mnemcik/consigliere/internal/autoupdate/github.go:110.38,112.2 1 6
github.com/mnemcik/consigliere/internal/autoupdate/github.go:116.43,118.46 2 10
github.com/mnemcik/consigliere/internal/autoupdate/github.go:118.46,120.3 1 2
github.com/mnemcik/consigliere/internal/autoupdate/github.go:121.2,121.33 1 8
github.com/mnemcik/consigliere/internal/autoupdate/github.go:132.76,134.16 2 1
github.com/mnemcik/consigliere/internal/autoupdate/github.go:134.16,136.3 1 0
github.com/mnemcik/consigliere/internal/autoupdate/github.go:137.2,141.8 1 1
github.com/mnemcik/consigliere/internal/autoupdate/install.go:72.36,74.16 2 5
github.com/mnemcik/consigliere/internal/autoupdate/install.go:74.16,75.58 1 5
github.com/mnemcik/consigliere/internal/autoupdate/install.go:75.58,77.4 1 5
github.com/mnemcik/consigliere/internal/autoupdate/install.go:85.2,85.39 1 5
github.com/mnemcik/consigliere/internal/autoupdate/install.go:85.39,87.3 1 0
github.com/mnemcik/consigliere/internal/autoupdate/install.go:89.2,90.34 2 5
github.com/mnemcik/consigliere/internal/autoupdate/install.go:90.34,94.3 1 2
github.com/mnemcik/consigliere/internal/autoupdate/install.go:95.2,95.48 1 3
github.com/mnemcik/consigliere/internal/autoupdate/install.go:95.48,97.3 1 1
github.com/mnemcik/consigliere/internal/autoupdate/install.go:98.2,98.75 1 2
github.com/mnemcik/consigliere/internal/autoupdate/install.go:101.37,102.38 1 11
github.com/mnemcik/consigliere/internal/autoupdate/install.go:102.38,103.77 1 28
github.com/mnemcik/consigliere/internal/autoupdate/install.go:103.77,105.4 1 4
github.com/mnemcik/consigliere/internal/autoupdate/install.go:107.2,107.14 1 7
github.com/mnemcik/consigliere/internal/autoupdate/install.go:110.51,113.16 3 5
github.com/mnemcik/consigliere/internal/autoupdate/install.go:113.16,115.3 1 2
github.com/mnemcik/consigliere/internal/autoupdate/install.go:116.2,116.49 1 3
github.com/mnemcik/consigliere/internal/autoupdate/install.go:116.49,118.3 1 0
github.com/mnemcik/consigliere/internal/autoupdate/install.go:119.2,119.16 1 3
github.com/mnemcik/consigliere/internal/autoupdate/install.go:127.82,131.33 4 2
github.com/mnemcik/consigliere/internal/autoupdate/install.go:131.33,133.3 1 0
github.com/mnemcik/consigliere/internal/autoupdate/install.go:134.2,138.16 4 2
github.com/mnemcik/consigliere/internal/autoupdate/install.go:138.16,140.3 1 0
github.com/mnemcik/consigliere/internal/autoupdate/install.go:141.2,142.16 2 2
github.com/mnemcik/consigliere/internal/autoupdate/install.go:142.16,144.3 1 0
github.com/mnemcik/consigliere/internal/autoupdate/install.go:146.2,146.67 1 2
github.com/mnemcik/consigliere/internal/autoupdate/install.go:146.67,148.3 1 1
github.com/mnemcik/consigliere/internal/autoupdate/install.go:150.2,151.16 2 1
github.com/mnemcik/consigliere/internal/autoupdate/install.go:151.16,153.3 1 0
github.com/mnemcik/consigliere/internal/autoupdate/install.go:155.2,156.22 2 1
github.com/mnemcik/consigliere/internal/autoupdate/install.go:156.22,158.3 1 1
github.com/mnemcik/consigliere/internal/autoupdate/install.go:159.2,159.69 1 1
github.com/mnemcik/consigliere/internal/autoupdate/install.go:159.69,161.3 1 0
github.com/mnemcik/consigliere/internal/autoupdate/install.go:162.2,162.12 1 1
github.com/mnemcik/consigliere/internal/autoupdate/install.go:166.23,167.33 1 9
github.com/mnemcik/consigliere/internal/autoupdate/install.go:167.33,169.3 1 0
github.com/mnemcik/consigliere/internal/autoupdate/install.go:170.2,170.19 1 9
github.com/mnemcik/consigliere/internal/autoupdate/install.go:173.68,175.16 2 4
github.com/mnemcik/consigliere/internal/autoupdate/install.go:175.16,177.3 1 0
github.com/mnemcik/consigliere/internal/autoupdate/install.go:178.2,179.16 2 4
github.com/mnemcik/consigliere/internal/autoupdate/install.go:179.16,181.3 1 0
github.com/mnemcik/consigliere/internal/autoupdate/install.go:182.2,182.15 1 4
github.com/mnemcik/consigliere/internal/autoupdate/install.go:182.15,182.40 1 4
github.com/mnemcik/consigliere/internal/autoupdate/install.go:183.2,183.38 1 4
github.com/mnemcik/consigliere/internal/autoupdate/install.go:183.38,185.3 1 0
github.com/mnemcik/consigliere/internal/autoupdate/install.go:186.2,186.64 1 4
github.com/mnemcik/consigliere/internal/autoupdate/install.go:191.74,193.62 2 5
github.com/mnemcik/consigliere/internal/autoupdate/install.go:193.62,195.51 2 7
github.com/mnemcik/consigliere/internal/autoupdate/install.go:195.51,197.9 2 4
github.com/mnemcik/consigliere/internal/autoupdate/install.go:200.2,200.16 1 5
github.com/mnemcik/consigliere/internal/autoupdate/install.go:200.16,202.3 1 1
github.com/mnemcik/consigliere/internal/autoupdate/install.go:203.2,205.17 3 4
github.com/mnemcik/consigliere/internal/autoupdate/install.go:205.17,207.3 1 2
github.com/mnemcik/consigliere/internal/autoupdate/install.go:208.2,208.12 1 2
github.com/mnemcik/consigliere/internal/autoupdate/install.go:214.64,215.18 1 4
github.com/mnemcik/consigliere/internal/autoupdate/install.go:215.18,217.3 1 1
github.com/mnemcik/consigliere/internal/autoupdate/install.go:218.2,218.34 1 3
github.com/mnemcik/consigliere/internal/autoupdate/install.go:221.55,223.16 2 3
github.com/mnemcik/consigliere/internal/autoupdate/install.go:223.16,225.3 1 0
github.com/mnemcik/consigliere/internal/autoupdate/install.go:226.2,226.15 1 3
github.com/mnemcik/consigliere/internal/autoupdate/install.go:226.15,226.33 1 3
github.com/mnemcik/consigliere/internal/autoupdate/install.go:228.2,229.6 2 3
github.com/mnemcik/consigliere/internal/autoupdate/install.go:229.6,231.20 2 4
github.com/mnemcik/consigliere/internal/autoupdate/install.go:231.20,232.9 1 1
github.com/mnemcik/consigliere/internal/autoupdate/install.go:234.3,234.17 1 3
github.com/mnemcik/consigliere/internal/autoupdate/install.go:234.17,236.4 1 0
github.com/mnemcik/consigliere/internal/autoupdate/install.go:237.3,237.70 1 3
github.com/mnemcik/consigliere/internal/autoupdate/install.go:237.70,238.12 1 1
github.com/mnemcik/consigliere/internal/autoupdate/install.go:240.3,240.58 1 2
github.com/mnemcik/consigliere/internal/autoupdate/install.go:242.2,242.56 1 1
github.com/mnemcik/consigliere/internal/autoupdate/install.go:245.53,247.16 2 1
github.com/mnemcik/consigliere/internal/autoupdate/install.go:247.16,249.3 1 0
github.com/mnemcik/consigliere/internal/autoupdate/install.go:250.2,250.28 1 1
github.com/mnemcik/consigliere/internal/autoupdate/install.go:250.28,251.37 1 1
github.com/mnemcik/consigliere/internal/autoupdate/install.go:251.37,252.12 1 0
github.com/mnemcik/consigliere/internal/autoupdate/install.go:254.3,254.25 1 1
github.com/mnemcik/consigliere/internal/autoupdate/install.go:256.2,256.56 1 0
github.com/mnemcik/consigliere/internal/autoupdate/install.go:259.48,261.16 2 1
github.com/mnemcik/consigliere/internal/autoupdate/install.go:261.16,263.3 1 0
github.com/mnemcik/consigliere/internal/autoupdate/install.go:264.2,264.15 1 1
github.com/mnemcik/consigliere/internal/autoupdate/install.go:264.15,264.33 1 1
github.com/mnemcik/consigliere/internal/autoupdate/install.go:265.2,265.57 1 1
github.com/mnemcik/consigliere/internal/autoupdate/install.go:271.60,273.16 2 0
github.com/mnemcik/consigliere/internal/autoupdate/install.go:273.16,274.25 1 0
github.com/mnemcik/consigliere/internal/autoupdate/install.go:274.25,276.4 1 0
github.com/mnemcik/consigliere/internal/autoupdate/install.go:277.3,277.13 1 0
github.com/mnemcik/consigliere/internal/autoupdate/install.go:279.2,285.16 6 0
github.com/mnemcik/consigliere/internal/autoupdate/install.go:285.16,287.3 1 0
github.com/mnemcik/consigliere/internal/autoupdate/install.go:288.2,288.69 1 0
github.com/mnemcik/consigliere/internal/autoupdate/major.go:31.40,33.26 2 7
github.com/mnemcik/consigliere/internal/autoupdate/major.go:33.26,35.3 1 1
github.com/mnemcik/consigliere/internal/autoupdate/major.go:36.2,36.35 1 6
github.com/mnemcik/consigliere/internal/autoupdate/major.go:41.44,43.16 2 23
github.com/mnemcik/consigliere/internal/autoupdate/major.go:43.16,45.3 1 11
github.com/mnemcik/consigliere/internal/autoupdate/major.go:46.2,47.48 2 12
github.com/mnemcik/consigliere/internal/autoupdate/major.go:47.48,49.3 1 0
github.com/mnemcik/consigliere/internal/autoupdate/major.go:50.2,50.29 1 12
github.com/mnemcik/consigliere/internal/autoupdate/major.go:53.44,55.16 2 8
github.com/mnemcik/consigliere/internal/autoupdate/major.go:55.16,57.3 1 0
github.com/mnemcik/consigliere/internal/autoupdate/major.go:58.2,58.69 1 8
github.com/mnemcik/consigliere/internal/autoupdate/major.go:61.31,62.79 1 2
github.com/mnemcik/consigliere/internal/autoupdate/major.go:62.79,64.3 1 0
github.com/mnemcik/consigliere/internal/autoupdate/major.go:65.2,65.12 1 2
github.com/mnemcik/consigliere/internal/autoupdate/major.go:68.32,71.16 3 8
github.com/mnemcik/consigliere/internal/autoupdate/major.go:71.16,73.3 1 7
github.com/mnemcik/consigliere/internal/autoupdate/major.go:74.2,75.10 2 1
github.com/mnemcik/consigliere/internal/autoupdate/major.go:78.37,79.42 1 7
github.com/mnemcik/consigliere/internal/autoupdate/major.go:79.42,80.19 1 1
github.com/mnemcik/consigliere/internal/autoupdate/major.go:80.19,82.4 1 1
github.com/mnemcik/consigliere/internal/autoupdate/major.go:84.2,84.14 1 6
github.com/mnemcik/consigliere/internal/autoupdate/major.go:88.48,90.2 1 6
github.com/mnemcik/consigliere/internal/autoupdate/major.go:95.56,97.19 2 7
github.com/mnemcik/consigliere/internal/autoupdate/major.go:97.19,99.3 1 1
github.com/mnemcik/consigliere/internal/autoupdate/major.go:100.2,101.71 2 6
github.com/mnemcik/consigliere/internal/autoupdate/major.go:101.71,103.3 1 1
github.com/mnemcik/consigliere/internal/autoupdate/major.go:104.2,109.4 1 6
github.com/mnemcik/consigliere/internal/autoupdate/major.go:115.51,117.9 2 3
github.com/mnemcik/consigliere/internal/autoupdate/major.go:117.9,119.3 1 1
github.com/mnemcik/consigliere/internal/autoupdate/major.go:120.2,121.28 2 2
github.com/mnemcik/consigliere/internal/autoupdate/major.go:121.28,123.3 1 0
github.com/mnemcik/consigliere/internal/autoupdate/major.go:124.2,124.35 1 2
github.com/mnemcik/consigliere/internal/autoupdate/major.go:124.35,126.3 1 1
github.com/mnemcik/consigliere/internal/autoupdate/major.go:130.39,132.30 2 1
github.com/mnemcik/consigliere/internal/autoupdate/major.go:132.30,133.19 1 0
github.com/mnemcik/consigliere/internal/autoupdate/major.go:133.19,135.4 1 0
github.com/mnemcik/consigliere/internal/autoupdate/major.go:137.2,138.24 2 1
github.com/mnemcik/consigliere/internal/autoupdate/major.go:141.40,143.16 2 1
github.com/mnemcik/consigliere/internal/autoupdate/major.go:143.16,145.3 1 0
github.com/mnemcik/consigliere/internal/autoupdate/major.go:146.2,146.67 1 1
github.com/mnemcik/consigliere/internal/autoupdate/major.go:150.36,153.2 2 0
github.com/mnemcik/consigliere/internal/autoupdate/major.go:157.79,159.9 2 3
github.com/mnemcik/consigliere/internal/autoupdate/major.go:159.9,161.3 1 1
github.com/mnemcik/consigliere/internal/autoupdate/major.go:162.2,163.47 2 2
github.com/mnemcik/consigliere/internal/autoupdate/major.go:169.64,171.9 2 2
github.com/mnemcik/consigliere/internal/autoupdate/major.go:171.9,173.3 1 1
github.com/mnemcik/consigliere/internal/autoupdate/major.go:174.2,174.48 1 1
github.com/mnemcik/consigliere/internal/autoupdate/major.go:174.48,176.3 1 0
github.com/mnemcik/consigliere/internal/autoupdate/major.go:177.2,177.46 1 1
github.com/mnemcik/consigliere/internal/autoupdate/notice.go:16.43,17.54 1 4
github.com/mnemcik/consigliere/internal/autoupdate/notice.go:17.54,19.3 1 1
github.com/mnemcik/consigliere/internal/autoupdate/notice.go:20.2,21.16 2 3
github.com/mnemcik/consigliere/internal/autoupdate/notice.go:21.16,23.3 1 1
github.com/mnemcik/consigliere/internal/autoupdate/notice.go:25.2,26.48 2 2
github.com/mnemcik/consigliere/internal/autoupdate/notice.go:26.48,30.3 2 1
github.com/mnemcik/consigliere/internal/autoupdate/notice.go:32.2,32.23 1 1
github.com/mnemcik/consigliere/internal/autoupdate/notice.go:32.23,34.26 2 1
github.com/mnemcik/consigliere/internal/autoupdate/notice.go:34.26,36.4 1 1
github.com/mnemcik/consigliere/internal/autoupdate/notice.go:37.3,37.71 1 1
github.com/mnemcik/consigliere/internal/autoupdate/notice.go:39.2,39.36 1 1
github.com/mnemcik/consigliere/internal/autoupdate/notice.go:47.41,48.54 1 3
github.com/mnemcik/consigliere/internal/autoupdate/notice.go:48.54,50.3 1 1
github.com/mnemcik/consigliere/internal/autoupdate/notice.go:51.2,52.9 2 2
github.com/mnemcik/consigliere/internal/autoupdate/notice.go:52.9,54.3 1 0
github.com/mnemcik/consigliere/internal/autoupdate/notice.go:55.2,55.25 1 2
github.com/mnemcik/consigliere/internal/autoupdate/notice.go:55.25,56.100 1 1
github.com/mnemcik/consigliere/internal/autoupdate/notice.go:56.100,58.4 1 1
github.com/mnemcik/consigliere/internal/autoupdate/notice.go:60.2,61.121 2 1
github.com/mnemcik/consigliere/internal/autoupdate/paths.go:23.24,25.16 2 126
github.com/mnemcik/consigliere/internal/autoupdate/paths.go:25.16,27.17 2 1
github.com/mnemcik/consigliere/internal/autoupdate/paths.go:27.17,34.4 1 0
github.com/mnemcik/consigliere/internal/autoupdate/paths.go:35.3,35.40 1 1
github.com/mnemcik/consigliere/internal/autoupdate/paths.go:37.2,37.43 1 126
github.com/mnemcik/consigliere/internal/autoupdate/paths.go:42.29,42.86 1 14
github.com/mnemcik/consigliere/internal/autoupdate/paths.go:45.24,45.79 1 19
github.com/mnemcik/consigliere/internal/autoupdate/paths.go:49.33,49.85 1 17
github.com/mnemcik/consigliere/internal/autoupdate/paths.go:53.34,53.94 1 34
github.com/mnemcik/consigliere/internal/autoupdate/paths.go:56.32,56.90 1 10
github.com/mnemcik/consigliere/internal/autoupdate/paths.go:59.28,59.82 1 1
github.com/mnemcik/consigliere/internal/autoupdate/paths.go:63.34,63.88 1 9
github.com/mnemcik/consigliere/internal/autoupdate/process_unix.go:10.33,11.14 1 2
github.com/mnemcik/consigliere/internal/autoupdate/process_unix.go:11.14,13.3 1 0
github.com/mnemcik/consigliere/internal/autoupdate/process_unix.go:14.2,15.43 2 2
github.com/mnemcik/consigliere/internal/autoupdate/worker.go:36.39,37.15 1 1
github.com/mnemcik/consigliere/internal/autoupdate/worker.go:37.15,38.31 1 1
github.com/mnemcik/consigliere/internal/autoupdate/worker.go:38.31,40.4 1 0
github.com/mnemcik/consigliere/internal/autoupdate/worker.go:43.2,43.39 1 1
github.com/mnemcik/consigliere/internal/autoupdate/worker.go:43.39,45.3 1 1
github.com/mnemcik/consigliere/internal/autoupdate/worker.go:46.2,46.55 1 0
github.com/mnemcik/consigliere/internal/autoupdate/worker.go:46.55,49.3 2 0
github.com/mnemcik/consigliere/internal/autoupdate/worker.go:50.2,50.24 1 0
github.com/mnemcik/consigliere/internal/autoupdate/worker.go:50.24,52.3 1 0
github.com/mnemcik/consigliere/internal/autoupdate/worker.go:53.2,53.20 1 0
github.com/mnemcik/consigliere/internal/autoupdate/worker.go:53.20,55.3 1 0
github.com/mnemcik/consigliere/internal/autoupdate/worker.go:56.2,58.35 2 0
github.com/mnemcik/consigliere/internal/autoupdate/worker.go:61.47,69.16 6 3
github.com/mnemcik/consigliere/internal/autoupdate/worker.go:69.16,72.3 2 0
github.com/mnemcik/consigliere/internal/autoupdate/worker.go:73.2,73.38 1 3
github.com/mnemcik/consigliere/internal/autoupdate/worker.go:73.38,76.3 2 1
github.com/mnemcik/consigliere/internal/autoupdate/worker.go:80.2,81.20 2 2
github.com/mnemcik/consigliere/internal/autoupdate/worker.go:81.20,83.3 1 1
github.com/mnemcik/consigliere/internal/autoupdate/worker.go:88.2,88.41 1 1
github.com/mnemcik/consigliere/internal/autoupdate/worker.go:88.41,89.87 1 1
github.com/mnemcik/consigliere/internal/autoupdate/worker.go:89.87,91.4 1 0
github.com/mnemcik/consigliere/internal/autoupdate/worker.go:92.3,92.9 1 1
github.com/mnemcik/consigliere/internal/autoupdate/worker.go:95.2,95.72 1 0
github.com/mnemcik/consigliere/internal/autoupdate/worker.go:95.72,98.3 2 0
github.com/mnemcik/consigliere/internal/autoupdate/worker.go:99.2,99.64 1 0
github.com/mnemcik/consigliere/internal/autoupdate/worker.go:99.64,101.3 1 0
github.com/mnemcik/consigliere/internal/autoupdate/worker.go:103.2,104.55 2 0
github.com/mnemcik/consigliere/internal/autoupdate/worker.go:107.22,107.70 1 3
github.com/mnemcik/consigliere/internal/autoupdate/worker.go:111.29,113.16 2 4
github.com/mnemcik/consigliere/internal/autoupdate/worker.go:113.16,115.3 1 1
github.com/mnemcik/consigliere/internal/autoupdate/worker.go:116.2,117.16 2 3
github.com/mnemcik/consigliere/internal/autoupdate/worker.go:117.16,119.3 1 1
github.com/mnemcik/consigliere/internal/autoupdate/worker.go:120.2,120.57 1 2
github.com/mnemcik/consigliere/internal/autoupdate/worker.go:123.27,125.76 2 3
github.com/mnemcik/consigliere/internal/autoupdate/worker.go:125.76,127.3 1 0
github.com/mnemcik/consigliere/internal/autoupdate/worker.go:132.25,133.17 1 4
github.com/mnemcik/consigliere/internal/autoupdate/worker.go:133.17,135.3 1 2
github.com/mnemcik/consigliere/internal/autoupdate/worker.go:137.2,137.19 1 2
github.com/mnemcik/consigliere/internal/autoupdate/worker.go:137.19,138.70 1 1
github.com/mnemcik/consigliere/internal/autoupdate/worker.go:138.70,141.4 2 0
github.com/mnemcik/consigliere/internal/autoupdate/worker.go:142.3,142.21 1 1
github.com/mnemcik/consigliere/internal/autoupdate/worker.go:144.2,144.14 1 1
github.com/mnemcik/consigliere/internal/autoupdate/worker.go:147.23,149.16 2 5
github.com/mnemcik/consigliere/internal/autoupdate/worker.go:149.16,150.23 1 2
github.com/mnemcik/consigliere/internal/autoupdate/worker.go:150.23,152.4 1 0
github.com/mnemcik/consigliere/internal/autoupdate/worker.go:153.3,153.15 1 2
github.com/mnemcik/consigliere/internal/autoupdate/worker.go:155.2,157.13 3 3
github.com/mnemcik/consigliere/internal/autoupdate/worker.go:160.25,162.16 2 4
github.com/mnemcik/consigliere/internal/autoupdate/worker.go:162.16,164.3 1 0
github.com/mnemcik/consigliere/internal/autoupdate/worker.go:165.2,165.45 1 4
github.com/mnemcik/consigliere/internal/autoupdate/worker.go:165.45,167.3 1 2
github.com/mnemcik/consigliere/internal/autoupdate/worker.go:168.2,169.16 2 2
github.com/mnemcik/consigliere/internal/autoupdate/worker.go:169.16,171.3 1 0
github.com/mnemcik/consigliere/internal/autoupdate/worker.go:172.2,173.16 2 2
github.com/mnemcik/consigliere/internal/autoupdate/worker.go:173.16,175.3 1 1
github.com/mnemcik/consigliere/internal/autoupdate/worker.go:176.2,176.27 1 1
github.com/mnemcik/consigliere/internal/autoupdate/worker.go:179.20,180.69 1 3
github.com/mnemcik/consigliere/internal/autoupdate/worker.go:180.69,182.3 1 0
github.com/mnemcik/consigliere/internal/autoupdate/worker.go:187.42,189.16 2 3
github.com/mnemcik/consigliere/internal/autoupdate/worker.go:189.16,192.3 2 0
github.com/mnemcik/consigliere/internal/autoupdate/worker.go:193.2,193.84 1 3
github.com/mnemcik/consigliere/internal/autoupdate/worker.go:193.84,195.3 1 0
github.com/mnemcik/consigliere/internal/autoupdate/worker.go:198.38,201.14 3 0
github.com/mnemcik/consigliere/internal/autoupdate/worker.go:201.14,203.3 1 0
github.com/mnemcik/consigliere/internal/autoupdate/worker.go:204.2,204.15 1 0
github.com/mnemcik/consigliere/internal/autoupdate/worker.go:204.15,204.32 1 0
github.com/mnemcik/consigliere/internal/autoupdate/worker.go:205.2,205.28 1 0
github.com/mnemcik/consigliere/internal/extension/apply.go:31.65,33.36 2 4
github.com/mnemcik/consigliere/internal/extension/apply.go:33.36,35.3 1 20
github.com/mnemcik/consigliere/internal/extension/apply.go:36.2,36.46 1 4
github.com/mnemcik/consigliere/internal/extension/apply.go:36.46,38.3 1 0
github.com/mnemcik/consigliere/internal/extension/apply.go:39.2,39.45 1 4
github.com/mnemcik/consigliere/internal/extension/apply.go:39.45,41.3 1 0
github.com/mnemcik/consigliere/internal/extension/apply.go:42.2,42.40 1 4
github.com/mnemcik/consigliere/internal/extension/apply.go:42.40,43.41 1 4
github.com/mnemcik/consigliere/internal/extension/apply.go:43.41,45.4 1 0
github.com/mnemcik/consigliere/internal/extension/apply.go:47.2,47.44 1 4
github.com/mnemcik/consigliere/internal/extension/apply.go:47.44,48.41 1 4
github.com/mnemcik/consigliere/internal/extension/apply.go:48.41,50.4 1 0
github.com/mnemcik/consigliere/internal/extension/apply.go:52.2,52.40 1 4
github.com/mnemcik/consigliere/internal/extension/apply.go:52.40,53.65 1 4
github.com/mnemcik/consigliere/internal/extension/apply.go:53.65,55.4 1 0
github.com/mnemcik/consigliere/internal/extension/apply.go:58.2,59.55 2 4
github.com/mnemcik/consigliere/internal/extension/apply.go:59.55,62.3 2 2
github.com/mnemcik/consigliere/internal/extension/apply.go:63.2,63.15 1 2
github.com/mnemcik/consigliere/internal/extension/apply.go:68.68,69.51 1 4
github.com/mnemcik/consigliere/internal/extension/apply.go:69.51,70.61 1 4
github.com/mnemcik/consigliere/internal/extension/apply.go:70.61,72.4 1 0
github.com/mnemcik/consigliere/internal/extension/apply.go:73.3,73.56 1 4
github.com/mnemcik/consigliere/internal/extension/apply.go:75.2,75.40 1 4
github.com/mnemcik/consigliere/internal/extension/apply.go:75.40,76.61 1 4
github.com/mnemcik/consigliere/internal/extension/apply.go:76.61,78.4 1 0
github.com/mnemcik/consigliere/internal/extension/apply.go:79.3,79.36 1 4
github.com/mnemcik/consigliere/internal/extension/apply.go:81.2,81.44 1 4
github.com/mnemcik/consigliere/internal/extension/apply.go:81.44,82.61 1 4
github.com/mnemcik/consigliere/internal/extension/apply.go:82.61,84.4 1 0
github.com/mnemcik/consigliere/internal/extension/apply.go:85.3,85.44 1 4
github.com/mnemcik/consigliere/internal/extension/apply.go:87.2,87.40 1 4
github.com/mnemcik/consigliere/internal/extension/apply.go:87.40,89.15 2 4
github.com/mnemcik/consigliere/internal/extension/apply.go:89.15,91.4 1 2
github.com/mnemcik/consigliere/internal/extension/apply.go:92.3,92.77 1 2
github.com/mnemcik/consigliere/internal/extension/apply.go:94.2,95.12 2 2
github.com/mnemcik/consigliere/internal/extension/apply.go:101.47,103.2 1 8
github.com/mnemcik/consigliere/internal/extension/apply.go:108.44,110.33 2 2
github.com/mnemcik/consigliere/internal/extension/apply.go:110.33,111.58 1 2
github.com/mnemcik/consigliere/internal/extension/apply.go:111.58,113.42 2 1
github.com/mnemcik/consigliere/internal/extension/apply.go:113.42,114.67 1 1
github.com/mnemcik/consigliere/internal/extension/apply.go:114.67,117.6 2 1
github.com/mnemcik/consigliere/internal/extension/apply.go:119.4,119.15 1 1
github.com/mnemcik/consigliere/internal/extension/apply.go:119.15,120.68 1 1
github.com/mnemcik/consigliere/internal/extension/apply.go:120.68,122.6 1 0
github.com/mnemcik/consigliere/internal/extension/apply.go:124.9,124.33 1 1
github.com/mnemcik/consigliere/internal/extension/apply.go:124.33,126.4 1 0
github.com/mnemcik/consigliere/internal/extension/apply.go:128.2,128.30 1 2
github.com/mnemcik/consigliere/internal/extension/apply.go:128.30,129.87 1 2
github.com/mnemcik/consigliere/internal/extension/apply.go:129.87,131.4 1 0
github.com/mnemcik/consigliere/internal/extension/apply.go:133.2,133.34 1 2
github.com/mnemcik/consigliere/internal/extension/apply.go:133.34,134.87 1 1
github.com/mnemcik/consigliere/internal/extension/apply.go:134.87,136.4 1 0
github.com/mnemcik/consigliere/internal/extension/apply.go:138.2,138.28 1 2
github.com/mnemcik/consigliere/internal/extension/apply.go:138.28,139.93 1 2
github.com/mnemcik/consigliere/internal/extension/apply.go:139.93,141.4 1 0
github.com/mnemcik/consigliere/internal/extension/apply.go:142.3,142.57 1 2
github.com/mnemcik/consigliere/internal/extension/apply.go:142.57,144.4 1 0
github.com/mnemcik/consigliere/internal/extension/apply.go:146.2,146.12 1 2
github.com/mnemcik/consigliere/internal/extension/apply.go:154.46,155.16 1 3
github.com/mnemcik/consigliere/internal/extension/apply.go:155.16,157.3 1 1
github.com/mnemcik/consigliere/internal/extension/apply.go:158.2,159.42 2 2
github.com/mnemcik/consigliere/internal/extension/apply.go:159.42,160.46 1 3
github.com/mnemcik/consigliere/internal/extension/apply.go:160.46,162.4 1 1
github.com/mnemcik/consigliere/internal/extension/apply.go:164.2,164.30 1 2
github.com/mnemcik/consigliere/internal/extension/apply.go:164.30,165.34 1 3
github.com/mnemcik/consigliere/internal/extension/apply.go:165.34,167.4 1 1
github.com/mnemcik/consigliere/internal/extension/apply.go:169.2,169.34 1 2
github.com/mnemcik/consigliere/internal/extension/apply.go:169.34,170.38 1 2
github.com/mnemcik/consigliere/internal/extension/apply.go:170.38,172.4 1 0
github.com/mnemcik/consigliere/internal/extension/apply.go:174.2,174.30 1 2
github.com/mnemcik/consigliere/internal/extension/apply.go:174.30,175.50 1 2
github.com/mnemcik/consigliere/internal/extension/apply.go:175.50,177.4 1 1
github.com/mnemcik/consigliere/internal/extension/apply.go:179.2,180.56 1 2
github.com/mnemcik/consigliere/internal/extension/apply.go:180.56,182.3 1 1
github.com/mnemcik/consigliere/internal/extension/apply.go:183.2,183.15 1 1
github.com/mnemcik/consigliere/internal/extension/apply.go:186.48,187.22 1 8
github.com/mnemcik/consigliere/internal/extension/apply.go:187.22,188.16 1 8
github.com/mnemcik/consigliere/internal/extension/apply.go:188.16,190.4 1 6
github.com/mnemcik/consigliere/internal/extension/apply.go:192.2,192.14 1 2
github.com/mnemcik/consigliere/internal/extension/apply.go:195.64,196.23 1 2
github.com/mnemcik/consigliere/internal/extension/apply.go:196.23,197.27 1 2
github.com/mnemcik/consigliere/internal/extension/apply.go:197.27,199.4 1 1
github.com/mnemcik/consigliere/internal/extension/apply.go:201.2,201.14 1 1
github.com/mnemcik/consigliere/internal/extension/apply.go:204.77,206.16 2 4
github.com/mnemcik/consigliere/internal/extension/apply.go:206.16,208.3 1 0
github.com/mnemcik/consigliere/internal/extension/apply.go:209.2,211.16 3 4
github.com/mnemcik/consigliere/internal/extension/apply.go:211.16,212.26 1 0
github.com/mnemcik/consigliere/internal/extension/apply.go:212.26,214.4 1 0
github.com/mnemcik/consigliere/internal/extension/apply.go:215.3,215.16 1 0
github.com/mnemcik/consigliere/internal/extension/apply.go:217.2,218.54 2 4
github.com/mnemcik/consigliere/internal/extension/apply.go:225.81,228.105 3 4
github.com/mnemcik/consigliere/internal/extension/apply.go:228.105,230.3 1 2
github.com/mnemcik/consigliere/internal/extension/apply.go:231.2,231.61 1 2
github.com/mnemcik/consigliere/internal/extension/apply.go:231.61,235.3 2 0
github.com/mnemcik/consigliere/internal/extension/apply.go:236.2,236.21 1 2
github.com/mnemcik/consigliere/internal/extension/apply.go:240.55,246.2 1 8
github.com/mnemcik/consigliere/internal/extension/apply.go:248.57,250.16 2 12
github.com/mnemcik/consigliere/internal/extension/apply.go:250.16,252.3 1 2
github.com/mnemcik/consigliere/internal/extension/apply.go:253.2,253.15 1 10
github.com/mnemcik/consigliere/internal/extension/apply.go:253.15,253.33 1 10
github.com/mnemcik/consigliere/internal/extension/apply.go:254.2,254.63 1 10
github.com/mnemcik/consigliere/internal/extension/apply.go:254.63,256.3 1 0
github.com/mnemcik/consigliere/internal/extension/apply.go:257.2,258.16 2 10
github.com/mnemcik/consigliere/internal/extension/apply.go:258.16,260.3 1 0
github.com/mnemcik/consigliere/internal/extension/apply.go:261.2,261.44 1 10
github.com/mnemcik/consigliere/internal/extension/apply.go:261.44,265.3 3 0
github.com/mnemcik/consigliere/internal/extension/apply.go:266.2,266.36 1 10
github.com/mnemcik/consigliere/internal/extension/apply.go:266.36,269.3 2 0
github.com/mnemcik/consigliere/internal/extension/apply.go:271.2,271.29 1 10
github.com/mnemcik/consigliere/internal/extension/apply.go:274.41,275.63 1 5
github.com/mnemcik/consigliere/internal/extension/apply.go:275.63,277.3 1 0
github.com/mnemcik/consigliere/internal/extension/apply.go:278.2,278.12 1 5
github.com/mnemcik/consigliere/internal/extension/apply.go:298.30,300.2 1 4
github.com/mnemcik/consigliere/internal/extension/apply.go:303.47,304.18 1 20
github.com/mnemcik/consigliere/internal/extension/apply.go:304.18,306.3 1 0
github.com/mnemcik/consigliere/internal/extension/apply.go:307.2,309.16 3 20
github.com/mnemcik/consigliere/internal/extension/apply.go:309.16,310.25 1 12
github.com/mnemcik/consigliere/internal/extension/apply.go:310.25,313.4 2 12
github.com/mnemcik/consigliere/internal/extension/apply.go:314.3,314.13 1 0
github.com/mnemcik/consigliere/internal/extension/apply.go:316.2,317.16 2 8
github.com/mnemcik/consigliere/internal/extension/apply.go:317.16,319.3 1 0
github.com/mnemcik/consigliere/internal/extension/apply.go:320.2,321.12 2 8
github.com/mnemcik/consigliere/internal/extension/apply.go:327.30,328.28 1 2
github.com/mnemcik/consigliere/internal/extension/apply.go:328.28,329.16 1 10
github.com/mnemcik/consigliere/internal/extension/apply.go:329.16,332.4 2 6
github.com/mnemcik/consigliere/internal/extension/apply.go:332.9,334.4 1 4
github.com/mnemcik/consigliere/internal/extension/ledger.go:51.43,53.2 1 4
github.com/mnemcik/consigliere/internal/extension/ledger.go:57.53,59.16 2 2
github.com/mnemcik/consigliere/internal/extension/ledger.go:59.16,60.37 1 1
github.com/mnemcik/consigliere/internal/extension/ledger.go:60.37,62.4 1 1
github.com/mnemcik/consigliere/internal/extension/ledger.go:63.3,63.18 1 0
github.com/mnemcik/consigliere/internal/extension/ledger.go:65.2,66.49 2 1
github.com/mnemcik/consigliere/internal/extension/ledger.go:66.49,68.3 1 0
github.com/mnemcik/consigliere/internal/extension/ledger.go:69.2,69.16 1 1
github.com/mnemcik/consigliere/internal/extension/ledger.go:73.42,75.60 2 1
github.com/mnemcik/consigliere/internal/extension/ledger.go:75.60,77.3 1 0
github.com/mnemcik/consigliere/internal/extension/ledger.go:78.2,79.16 2 1
github.com/mnemcik/consigliere/internal/extension/ledger.go:79.16,81.3 1 0
github.com/mnemcik/consigliere/internal/extension/ledger.go:82.2,82.51 1 1
github.com/mnemcik/consigliere/internal/extension/manifest.go:85.52,87.49 2 3
github.com/mnemcik/consigliere/internal/extension/manifest.go:87.49,89.3 1 1
github.com/mnemcik/consigliere/internal/extension/manifest.go:90.2,90.16 1 2
github.com/mnemcik/consigliere/internal/extension/manifest.go:94.50,96.16 2 2
github.com/mnemcik/consigliere/internal/extension/manifest.go:96.16,98.3 1 1
github.com/mnemcik/consigliere/internal/extension/manifest.go:99.2,99.28 1 1
github.com/mnemcik/consigliere/internal/extension/manifest.go:105.37,106.33 1 12
github.com/mnemcik/consigliere/internal/extension/manifest.go:106.33,108.3 1 1
github.com/mnemcik/consigliere/internal/extension/manifest.go:109.2,109.33 1 11
github.com/mnemcik/consigliere/internal/extension/manifest.go:109.33,111.3 1 2
github.com/mnemcik/consigliere/internal/extension/manifest.go:112.2,112.21 1 9
github.com/mnemcik/consigliere/internal/extension/manifest.go:112.21,114.3 1 1
github.com/mnemcik/consigliere/internal/extension/manifest.go:115.2,115.25 1 8
github.com/mnemcik/consigliere/internal/extension/manifest.go:115.25,117.3 1 1
github.com/mnemcik/consigliere/internal/extension/manifest.go:118.2,118.51 1 7
github.com/mnemcik/consigliere/internal/extension/manifest.go:118.51,119.32 1 3
github.com/mnemcik/consigliere/internal/extension/manifest.go:119.32,121.4 1 1
github.com/mnemcik/consigliere/internal/extension/manifest.go:122.3,122.19 1 2
github.com/mnemcik/consigliere/internal/extension/manifest.go:122.19,124.4 1 1
github.com/mnemcik/consigliere/internal/extension/manifest.go:126.2,126.40 1 5
github.com/mnemcik/consigliere/internal/extension/manifest.go:126.40,127.34 1 2
github.com/mnemcik/consigliere/internal/extension/manifest.go:127.34,129.4 1 1
github.com/mnemcik/consigliere/internal/extension/manifest.go:131.2,131.40 1 4
github.com/mnemcik/consigliere/internal/extension/manifest.go:131.40,132.58 1 2
github.com/mnemcik/consigliere/internal/extension/manifest.go:132.58,134.4 1 1
github.com/mnemcik/consigliere/internal/extension/manifest.go:136.2,136.46 1 3
github.com/mnemcik/consigliere/internal/extension/manifest.go:136.46,137.39 1 2
github.com/mnemcik/consigliere/internal/extension/manifest.go:137.39,139.4 1 0
github.com/mnemcik/consigliere/internal/extension/manifest.go:140.3,140.36 1 2
github.com/mnemcik/consigliere/internal/extension/manifest.go:140.36,142.4 1 1
github.com/mnemcik/consigliere/internal/extension/manifest.go:144.2,144.44 1 2
github.com/mnemcik/consigliere/internal/extension/manifest.go:144.44,145.34 1 2
github.com/mnemcik/consigliere/internal/extension/manifest.go:145.34,147.4 1 1
github.com/mnemcik/consigliere/internal/extension/manifest.go:149.2,149.12 1 1
github.com/mnemcik/consigliere/internal/extension/paths.go:16.44,18.13 2 12
github.com/mnemcik/consigliere/internal/extension/paths.go:18.13,20.3 1 1
github.com/mnemcik/consigliere/internal/extension/paths.go:21.2,24.20 2 11
github.com/mnemcik/consigliere/internal/extension/paths.go:24.20,26.3 1 2
github.com/mnemcik/consigliere/internal/extension/paths.go:27.2,28.63 1 9
github.com/mnemcik/consigliere/internal/extension/paths.go:28.63,30.3 1 4
github.com/mnemcik/consigliere/internal/extension/paths.go:31.2,31.21 1 5
github.com/mnemcik/consigliere/internal/extension/paths.go:39.26,41.16 2 3
github.com/mnemcik/consigliere/internal/extension/paths.go:41.16,43.17 2 0
github.com/mnemcik/consigliere/internal/extension/paths.go:43.17,45.4 1 0
github.com/mnemcik/consigliere/internal/extension/paths.go:46.3,46.40 1 0
github.com/mnemcik/consigliere/internal/extension/paths.go:48.2,48.43 1 3
github.com/mnemcik/consigliere/internal/extension/paths.go:54.29,56.2 1 3
github.com/mnemcik/consigliere/internal/extension/paths.go:62.35,64.2 1 1
github.com/mnemcik/consigliere/internal/extension/paths.go:70.26,72.2 1 1
github.com/mnemcik/consigliere/internal/extension/registry.go:40.65,41.37 1 9
github.com/mnemcik/consigliere/internal/extension/registry.go:41.37,43.3 1 7
github.com/mnemcik/consigliere/internal/extension/registry.go:44.2,45.29 2 2
github.com/mnemcik/consigliere/internal/extension/registry.go:73.27,74.83 1 4
github.com/mnemcik/consigliere/internal/extension/registry.go:74.83,76.3 1 3
github.com/mnemcik/consigliere/internal/extension/registry.go:77.2,77.27 1 1
github.com/mnemcik/consigliere/internal/extension/registry.go:83.54,85.2 1 2
github.com/mnemcik/consigliere/internal/extension/registry.go:92.73,93.27 1 3
github.com/mnemcik/consigliere/internal/extension/registry.go:93.27,95.3 1 2
github.com/mnemcik/consigliere/internal/extension/registry.go:96.2,96.39 1 1
github.com/mnemcik/consigliere/internal/extension/registry.go:103.40,104.115 1 12
github.com/mnemcik/consigliere/internal/extension/registry.go:104.115,106.3 1 3
github.com/mnemcik/consigliere/internal/extension/registry.go:107.2,107.86 1 9
github.com/mnemcik/consigliere/internal/extension/registry.go:110.69,112.16 2 2
github.com/mnemcik/consigliere/internal/extension/registry.go:112.16,114.3 1 0
github.com/mnemcik/consigliere/internal/extension/registry.go:115.2,116.16 2 2
github.com/mnemcik/consigliere/internal/extension/registry.go:116.16,118.3 1 0
github.com/mnemcik/consigliere/internal/extension/registry.go:119.2,119.15 1 2
github.com/mnemcik/consigliere/internal/extension/registry.go:119.15,119.40 1 2
github.com/mnemcik/consigliere/internal/extension/registry.go:120.2,120.38 1 2
github.com/mnemcik/consigliere/internal/extension/registry.go:120.38,123.3 2 1
github.com/mnemcik/consigliere/internal/extension/registry.go:124.2,125.64 2 1
github.com/mnemcik/consigliere/internal/extension/registry.go:125.64,127.3 1 0
github.com/mnemcik/consigliere/internal/extension/registry.go:128.2,128.18 1 1
github.com/mnemcik/consigliere/internal/extension/registry.go:135.74,137.16 2 1
github.com/mnemcik/consigliere/internal/extension/registry.go:137.16,139.3 1 0
github.com/mnemcik/consigliere/internal/extension/registry.go:140.2,140.15 1 1
github.com/mnemcik/consigliere/internal/extension/registry.go:140.15,140.40 1 1
github.com/mnemcik/consigliere/internal/extension/registry.go:142.2,142.55 1 1
github.com/mnemcik/consigliere/internal/extension/registry.go:142.55,144.3 1 0
github.com/mnemcik/consigliere/internal/extension/registry.go:145.2,146.16 2 1
github.com/mnemcik/consigliere/internal/extension/registry.go:146.16,148.3 1 0
github.com/mnemcik/consigliere/internal/extension/registry.go:149.2,150.51 2 1
github.com/mnemcik/consigliere/internal/extension/registry.go:150.51,152.3 1 0
github.com/mnemcik/consigliere/internal/extension/registry.go:153.2,153.18 1 1
github.com/mnemcik/consigliere/internal/extension/registry.go:157.60,158.32 1 3
github.com/mnemcik/consigliere/internal/extension/registry.go:158.32,159.37 1 5
github.com/mnemcik/consigliere/internal/extension/registry.go:159.37,161.4 1 2
github.com/mnemcik/consigliere/internal/extension/registry.go:163.2,163.19 1 1
github.com/mnemcik/consigliere/internal/extension/sections.go:13.58,16.2 1 13
github.com/mnemcik/consigliere/internal/extension/sections.go:22.59,25.13 3 9
github.com/mnemcik/consigliere/internal/extension/sections.go:25.13,27.64 2 2
github.com/mnemcik/consigliere/internal/extension/sections.go:27.64,30.4 2 2
github.com/mnemcik/consigliere/internal/extension/sections.go:32.2,32.56 1 7
github.com/mnemcik/consigliere/internal/extension/sections.go:32.56,34.3 1 0
github.com/mnemcik/consigliere/internal/extension/sections.go:35.2,35.66 1 7
github.com/mnemcik/consigliere/internal/extension/sections.go:42.61,45.12 3 4
github.com/mnemcik/consigliere/internal/extension/sections.go:45.12,47.3 1 1
github.com/mnemcik/consigliere/internal/extension/sections.go:48.2,49.12 2 3
github.com/mnemcik/consigliere/internal/extension/sections.go:49.12,51.3 1 0
github.com/mnemcik/consigliere/internal/extension/sections.go:52.2,54.58 2 3
github.com/mnemcik/consigliere/internal/extension/sections.go:54.58,56.3 1 3
github.com/mnemcik/consigliere/internal/extension/sections.go:58.2,60.18 3 3
github.com/mnemcik/consigliere/internal/extension/sections.go:60.18,62.3 1 2
github.com/mnemcik/consigliere/internal/extension/sections.go:63.2,63.42 1 3
github.com/mnemcik/consigliere/internal/extension/settings.go:32.39,34.2 1 54
github.com/mnemcik/consigliere/internal/extension/settings.go:42.40,44.2 1 24
github.com/mnemcik/consigliere/internal/extension/settings.go:49.57,51.16 2 10
github.com/mnemcik/consigliere/internal/extension/settings.go:51.16,53.3 1 0
github.com/mnemcik/consigliere/internal/extension/settings.go:54.2,55.18 2 10
github.com/mnemcik/consigliere/internal/extension/settings.go:55.18,58.3 2 6
github.com/mnemcik/consigliere/internal/extension/settings.go:59.2,68.51 5 10
github.com/mnemcik/consigliere/internal/extension/settings.go:73.52,75.16 2 6
github.com/mnemcik/consigliere/internal/extension/settings.go:75.16,77.3 1 0
github.com/mnemcik/consigliere/internal/extension/settings.go:78.2,79.9 2 6
github.com/mnemcik/consigliere/internal/extension/settings.go:79.9,81.3 1 1
github.com/mnemcik/consigliere/internal/extension/settings.go:82.2,82.43 1 5
github.com/mnemcik/consigliere/internal/extension/settings.go:82.43,84.3 1 0
github.com/mnemcik/consigliere/internal/extension/settings.go:85.2,85.51 1 5
github.com/mnemcik/consigliere/internal/extension/settings.go:92.70,94.30 2 15
github.com/mnemcik/consigliere/internal/extension/settings.go:94.30,96.10 2 9
github.com/mnemcik/consigliere/internal/extension/settings.go:96.10,97.12 1 0
github.com/mnemcik/consigliere/internal/extension/settings.go:99.3,100.28 2 9
github.com/mnemcik/consigliere/internal/extension/settings.go:100.28,102.11 2 10
github.com/mnemcik/consigliere/internal/extension/settings.go:102.11,104.13 2 0
github.com/mnemcik/consigliere/internal/extension/settings.go:106.4,107.11 2 10
github.com/mnemcik/consigliere/internal/extension/settings.go:107.11,109.13 2 0
github.com/mnemcik/consigliere/internal/extension/settings.go:111.4,112.28 2 10
github.com/mnemcik/consigliere/internal/extension/settings.go:112.28,113.38 1 11
github.com/mnemcik/consigliere/internal/extension/settings.go:113.38,115.14 2 8
github.com/mnemcik/consigliere/internal/extension/settings.go:117.5,117.37 1 3
github.com/mnemcik/consigliere/internal/extension/settings.go:119.4,119.27 1 10
github.com/mnemcik/consigliere/internal/extension/settings.go:119.27,121.13 1 7
github.com/mnemcik/consigliere/internal/extension/settings.go:123.4,124.40 2 3
github.com/mnemcik/consigliere/internal/extension/settings.go:126.3,126.28 1 9
github.com/mnemcik/consigliere/internal/extension/settings.go:126.28,128.4 1 6
github.com/mnemcik/consigliere/internal/extension/settings.go:128.9,130.4 1 3
github.com/mnemcik/consigliere/internal/extension/settings.go:132.2,132.16 1 15
github.com/mnemcik/consigliere/internal/extension/settings.go:139.52,141.9 2 15
github.com/mnemcik/consigliere/internal/extension/settings.go:141.9,143.3 1 0
github.com/mnemcik/consigliere/internal/extension/settings.go:144.2,145.70 2 15
github.com/mnemcik/consigliere/internal/extension/settings.go:150.56,152.9 2 4
github.com/mnemcik/consigliere/internal/extension/settings.go:152.9,154.3 1 0
github.com/mnemcik/consigliere/internal/extension/settings.go:155.2,156.9 2 4
github.com/mnemcik/consigliere/internal/extension/settings.go:156.9,158.3 1 0
github.com/mnemcik/consigliere/internal/extension/settings.go:159.2,159.26 1 4
github.com/mnemcik/consigliere/internal/extension/settings.go:159.26,160.36 1 4
github.com/mnemcik/consigliere/internal/extension/settings.go:160.36,162.4 1 2
github.com/mnemcik/consigliere/internal/extension/settings.go:164.2,164.14 1 2
github.com/mnemcik/consigliere/internal/extension/settings.go:169.56,171.16 2 19
github.com/mnemcik/consigliere/internal/extension/settings.go:171.16,172.25 1 7
github.com/mnemcik/consigliere/internal/extension/settings.go:172.25,174.4 1 7
github.com/mnemcik/consigliere/internal/extension/settings.go:175.3,175.18 1 0
github.com/mnemcik/consigliere/internal/extension/settings.go:177.2,178.49 2 12
github.com/mnemcik/consigliere/internal/extension/settings.go:178.49,180.3 1 0
github.com/mnemcik/consigliere/internal/extension/settings.go:181.2,181.14 1 12
github.com/mnemcik/consigliere/internal/extension/settings.go:181.14,183.3 1 0
github.com/mnemcik/consigliere/internal/extension/settings.go:184.2,184.15 1 12
github.com/mnemcik/consigliere/internal/extension/settings.go:187.63,188.63 1 16
github.com/mnemcik/consigliere/internal/extension/settings.go:188.63,190.3 1 0
github.com/mnemcik/consigliere/internal/extension/settings.go:191.2,192.16 2 16
github.com/mnemcik/consigliere/internal/extension/settings.go:192.16,194.3 1 0
github.com/mnemcik/consigliere/internal/extension/settings.go:195.2,195.54 1 16
github.com/mnemcik/consigliere/internal/extension/settings.go:210.71,212.49 2 4
github.com/mnemcik/consigliere/internal/extension/settings.go:212.49,214.3 1 1
github.com/mnemcik/consigliere/internal/extension/settings.go:215.2,216.16 2 3
github.com/mnemcik/consigliere/internal/extension/settings.go:216.16,218.3 1 0
github.com/mnemcik/consigliere/internal/extension/settings.go:220.2,221.57 2 3
github.com/mnemcik/consigliere/internal/extension/settings.go:221.57,222.27 1 3
github.com/mnemcik/consigliere/internal/extension/settings.go:222.27,224.11 2 6
github.com/mnemcik/consigliere/internal/extension/settings.go:224.11,225.13 1 0
github.com/mnemcik/consigliere/internal/extension/settings.go:227.4,227.29 1 6
github.com/mnemcik/consigliere/internal/extension/settings.go:227.29,229.12 2 6
github.com/mnemcik/consigliere/internal/extension/settings.go:229.12,230.14 1 0
github.com/mnemcik/consigliere/internal/extension/settings.go:232.5,233.12 2 6
github.com/mnemcik/consigliere/internal/extension/settings.go:233.12,234.14 1 0
github.com/mnemcik/consigliere/internal/extension/settings.go:236.5,236.29 1 6
github.com/mnemcik/consigliere/internal/extension/settings.go:236.29,237.42 1 12
github.com/mnemcik/consigliere/internal/extension/settings.go:237.42,238.53 1 12
github.com/mnemcik/consigliere/internal/extension/settings.go:238.53,240.8 1 2
github.com/mnemcik/consigliere/internal/extension/settings.go:246.2,246.59 1 3
github.com/mnemcik/consigliere/internal/extension/settings.go:246.59,247.49 1 3
github.com/mnemcik/consigliere/internal/extension/settings.go:247.49,249.4 1 2
github.com/mnemcik/consigliere/internal/extension/settings.go:252.2,252.25 1 3
github.com/mnemcik/consigliere/internal/extension/settings.go:252.25,254.3 1 1
github.com/mnemcik/consigliere/internal/extension/settings.go:255.2,255.11 1 2
github.com/mnemcik/consigliere/internal/extension/settings.go:255.11,256.54 1 1
github.com/mnemcik/consigliere/internal/extension/settings.go:256.54,258.4 1 0
github.com/mnemcik/consigliere/internal/extension/settings.go:260.2,260.23 1 2
github.com/mnemcik/consigliere/internal/extension/settings.go:267.73,269.51 2 15
github.com/mnemcik/consigliere/internal/extension/settings.go:269.51,271.3 1 11
github.com/mnemcik/consigliere/internal/extension/settings.go:272.2,273.18 2 4
github.com/mnemcik/consigliere/internal/gitx/gitx.go:21.75,23.2 1 25
github.com/mnemcik/consigliere/internal/gitx/gitx.go:28.92,33.15 2 25
github.com/mnemcik/consigliere/internal/gitx/gitx.go:33.15,35.3 1 25
github.com/mnemcik/consigliere/internal/gitx/gitx.go:36.2,36.18 1 25
github.com/mnemcik/consigliere/internal/gitx/gitx.go:36.18,38.3 1 0
github.com/mnemcik/consigliere/internal/gitx/gitx.go:39.2,42.34 4 25
github.com/mnemcik/consigliere/internal/gitx/gitx.go:42.34,44.19 2 1
github.com/mnemcik/consigliere/internal/gitx/gitx.go:44.19,46.4 1 1
github.com/mnemcik/consigliere/internal/gitx/gitx.go:47.3,47.68 1 0
github.com/mnemcik/consigliere/internal/gitx/gitx.go:49.2,49.45 1 24
github.com/mnemcik/consigliere/internal/gitx/gitx.go:54.63,57.15 2 4
github.com/mnemcik/consigliere/internal/gitx/gitx.go:57.15,59.3 1 4
github.com/mnemcik/consigliere/internal/gitx/gitx.go:60.2,60.25 1 4
github.com/mnemcik/consigliere/internal/gitx/gitx.go:64.23,67.2 2 5
github.com/mnemcik/consigliere/internal/gitx/gitx.go:70.75,75.2 4 0
github.com/mnemcik/consigliere/internal/gitx/gitx.go:78.59,80.2 1 3
github.com/mnemcik/consigliere/internal/gitx/gitx.go:86.62,87.77 1 0
github.com/mnemcik/consigliere/internal/gitx/gitx.go:87.77,89.3 1 0
github.com/mnemcik/consigliere/internal/gitx/gitx.go:90.2,90.15 1 0
github.com/mnemcik/consigliere/internal/gitx/gitx.go:90.15,92.3 1 0
github.com/mnemcik/consigliere/internal/gitx/gitx.go:93.2,93.12 1 0
github.com/mnemcik/consigliere/internal/gitx/gitx.go:97.59,100.2 2 0
github.com/mnemcik/consigliere/internal/gitx/gitx.go:107.56,109.29 2 0
github.com/mnemcik/consigliere/internal/gitx/gitx.go:109.29,111.3 1 0
github.com/mnemcik/consigliere/internal/gitx/gitx.go:112.2,112.40 1 0
github.com/mnemcik/consigliere/internal/gitx/gitx.go:116.61,118.2 1 1
github.com/mnemcik/consigliere/internal/gitx/gitx.go:121.76,123.2 1 0
github.com/mnemcik/consigliere/internal/gitx/gitx.go:127.71,129.16 2 2
github.com/mnemcik/consigliere/internal/gitx/gitx.go:129.16,131.3 1 0
github.com/mnemcik/consigliere/internal/gitx/gitx.go:132.2,133.48 2 2
github.com/mnemcik/consigliere/internal/gitx/gitx.go:133.48,134.65 1 10
github.com/mnemcik/consigliere/internal/gitx/gitx.go:134.65,136.4 1 3
github.com/mnemcik/consigliere/internal/gitx/gitx.go:138.2,138.19 1 2
github.com/mnemcik/consigliere/internal/gitx/gitx.go:152.72,154.16 2 0
github.com/mnemcik/consigliere/internal/gitx/gitx.go:154.16,156.3 1 0
github.com/mnemcik/consigliere/internal/gitx/gitx.go:157.2,161.18 2 0
github.com/mnemcik/consigliere/internal/gitx/gitx.go:161.18,162.17 1 0
github.com/mnemcik/consigliere/internal/gitx/gitx.go:162.17,165.4 2 0
github.com/mnemcik/consigliere/internal/gitx/gitx.go:167.2,167.48 1 0
github.com/mnemcik/consigliere/internal/gitx/gitx.go:167.48,168.10 1 0
github.com/mnemcik/consigliere/internal/gitx/gitx.go:169.45,171.83 2 0
github.com/mnemcik/consigliere/internal/gitx/gitx.go:172.19,172.19 0 0
github.com/mnemcik/consigliere/internal/gitx/gitx.go:174.41,175.67 1 0
github.com/mnemcik/consigliere/internal/gitx/gitx.go:176.43,178.55 2 0
github.com/mnemcik/consigliere/internal/gitx/gitx.go:179.27,180.23 1 0
github.com/mnemcik/consigliere/internal/gitx/gitx.go:183.2,184.18 2 0
github.com/mnemcik/consigliere/internal/gitx/gitx.go:188.78,190.11 2 0
github.com/mnemcik/consigliere/internal/gitx/gitx.go:190.11,192.3 1 0
github.com/mnemcik/consigliere/internal/gitx/gitx.go:193.2,195.12 3 0
github.com/mnemcik/consigliere/internal/gitx/gitx.go:199.66,202.2 2 0
github.com/mnemcik/consigliere/internal/gitx/gitx.go:206.59,208.16 2 0
github.com/mnemcik/consigliere/internal/gitx/gitx.go:208.16,210.3 1 0
github.com/mnemcik/consigliere/internal/gitx/gitx.go:211.2,211.12 1 0
github.com/mnemcik/consigliere/internal/gitx/gitx.go:215.71,218.2 2 0
github.com/mnemcik/consigliere/internal/gitx/gitx.go:221.86,224.2 2 1
github.com/mnemcik/consigliere/internal/gitx/gitx.go:228.72,230.2 1 0
github.com/mnemcik/consigliere/internal/gitx/gitx.go:233.55,235.2 1 0
github.com/mnemcik/consigliere/internal/gitx/gitx.go:238.73,240.2 1 0
github.com/mnemcik/consigliere/internal/gitx/gitx.go:244.60,246.29 2 0
github.com/mnemcik/consigliere/internal/gitx/gitx.go:246.29,248.3 1 0
github.com/mnemcik/consigliere/internal/gitx/gitx.go:249.2,249.43 1 0
github.com/mnemcik/consigliere/internal/gitx/gitx.go:253.71,256.2 2 0
github.com/mnemcik/consigliere/internal/gitx/gitx.go:259.52,261.2 1 0
github.com/mnemcik/consigliere/internal/gitx/gitx.go:274.71,276.2 1 0
github.com/mnemcik/consigliere/internal/gitx/gitx.go:280.62,283.2 2 0
github.com/mnemcik/consigliere/internal/gitx/gitx.go:286.65,288.2 1 0
github.com/mnemcik/consigliere/internal/gitx/gitx.go:291.67,294.2 2 0
github.com/mnemcik/consigliere/internal/gitx/gitx.go:297.58,300.2 2 0
github.com/mnemcik/consigliere/internal/gitx/gitx.go:303.73,305.16 2 0
github.com/mnemcik/consigliere/internal/gitx/gitx.go:305.16,307.3 1 0
github.com/mnemcik/consigliere/internal/gitx/gitx.go:308.2,308.15 1 0
github.com/mnemcik/consigliere/internal/gitx/gitx.go:308.15,310.3 1 0
github.com/mnemcik/consigliere/internal/gitx/gitx.go:311.2,311.38 1 0
github.com/mnemcik/consigliere/internal/gitx/gitx.go:315.69,317.2 1 0
github.com/mnemcik/consigliere/internal/gitx/gitx.go:323.66,325.16 2 1
github.com/mnemcik/consigliere/internal/gitx/gitx.go:325.16,327.3 1 0
github.com/mnemcik/consigliere/internal/gitx/gitx.go:328.2,328.15 1 1
github.com/mnemcik/consigliere/internal/gitx/gitx.go:328.15,330.3 1 0
github.com/mnemcik/consigliere/internal/gitx/gitx.go:331.2,332.29 2 1
github.com/mnemcik/consigliere/internal/gitx/gitx.go:332.29,334.3 1 1
github.com/mnemcik/consigliere/internal/gitx/gitx.go:335.2,340.64 2 1
github.com/mnemcik/consigliere/internal/gitx/gitx.go:340.64,342.3 1 1
github.com/mnemcik/consigliere/internal/gitx/gitx.go:343.2,343.18 1 1
github.com/mnemcik/consigliere/internal/session/active.go:53.79,55.16 2 4
github.com/mnemcik/consigliere/internal/session/active.go:55.16,57.3 1 0
github.com/mnemcik/consigliere/internal/session/active.go:58.2,60.28 3 4
github.com/mnemcik/consigliere/internal/session/active.go:60.28,62.35 2 12
github.com/mnemcik/consigliere/internal/session/active.go:62.35,63.12 1 1
github.com/mnemcik/consigliere/internal/session/active.go:65.3,66.18 2 11
github.com/mnemcik/consigliere/internal/session/active.go:66.18,67.12 1 0
github.com/mnemcik/consigliere/internal/session/active.go:69.3,70.49 2 11
github.com/mnemcik/consigliere/internal/session/active.go:70.49,71.12 1 1
github.com/mnemcik/consigliere/internal/session/active.go:73.3,78.18 3 10
github.com/mnemcik/consigliere/internal/session/active.go:78.18,80.4 1 0
github.com/mnemcik/consigliere/internal/session/active.go:81.3,81.25 1 10
github.com/mnemcik/consigliere/internal/session/active.go:81.25,85.12 4 2
github.com/mnemcik/consigliere/internal/session/active.go:87.3,88.14 2 8
github.com/mnemcik/consigliere/internal/session/active.go:88.14,90.4 1 2
github.com/mnemcik/consigliere/internal/session/active.go:91.3,91.42 1 8
github.com/mnemcik/consigliere/internal/session/active.go:91.42,92.12 1 2
github.com/mnemcik/consigliere/internal/session/active.go:94.3,95.23 2 6
github.com/mnemcik/consigliere/internal/session/active.go:97.2,98.38 2 4
github.com/mnemcik/consigliere/internal/session/active.go:98.38,99.39 1 7
github.com/mnemcik/consigliere/internal/session/active.go:99.39,101.4 1 6
github.com/mnemcik/consigliere/internal/session/active.go:102.3,102.35 1 1
github.com/mnemcik/consigliere/internal/session/active.go:102.35,104.4 1 1
github.com/mnemcik/consigliere/internal/session/active.go:105.3,105.45 1 0
github.com/mnemcik/consigliere/internal/session/active.go:107.2,107.17 1 4
github.com/mnemcik/consigliere/internal/session/active.go:112.78,113.18 1 4
github.com/mnemcik/consigliere/internal/session/active.go:113.18,115.3 1 2
github.com/mnemcik/consigliere/internal/session/active.go:116.2,117.16 2 2
github.com/mnemcik/consigliere/internal/session/active.go:117.16,119.3 1 0
github.com/mnemcik/consigliere/internal/session/active.go:120.2,121.26 2 2
github.com/mnemcik/consigliere/internal/session/active.go:121.26,123.20 2 4
github.com/mnemcik/consigliere/internal/session/active.go:123.20,124.12 1 3
github.com/mnemcik/consigliere/internal/session/active.go:126.3,127.18 2 1
github.com/mnemcik/consigliere/internal/session/active.go:127.18,128.12 1 0
github.com/mnemcik/consigliere/internal/session/active.go:130.3,130.94 1 1
github.com/mnemcik/consigliere/internal/session/active.go:132.2,132.12 1 2
github.com/mnemcik/consigliere/internal/session/context.go:25.37,25.83 1 834
github.com/mnemcik/consigliere/internal/session/context.go:28.49,30.2 1 530
github.com/mnemcik/consigliere/internal/session/context.go:62.60,64.16 2 32
github.com/mnemcik/consigliere/internal/session/context.go:64.16,65.37 1 3
github.com/mnemcik/consigliere/internal/session/context.go:65.37,67.4 1 3
github.com/mnemcik/consigliere/internal/session/context.go:68.3,68.18 1 0
github.com/mnemcik/consigliere/internal/session/context.go:70.2,71.49 2 29
github.com/mnemcik/consigliere/internal/session/context.go:71.49,73.3 1 0
github.com/mnemcik/consigliere/internal/session/context.go:74.2,74.16 1 29
github.com/mnemcik/consigliere/internal/session/context.go:84.37,86.2 1 43
github.com/mnemcik/consigliere/internal/session/context.go:93.58,94.32 1 18
github.com/mnemcik/consigliere/internal/session/context.go:94.32,96.3 1 10
github.com/mnemcik/consigliere/internal/session/context.go:97.2,97.61 1 8
github.com/mnemcik/consigliere/internal/session/context.go:97.61,99.3 1 0
github.com/mnemcik/consigliere/internal/session/context.go:100.2,100.53 1 8
github.com/mnemcik/consigliere/internal/session/context.go:100.53,103.37 3 8
github.com/mnemcik/consigliere/internal/session/context.go:103.37,105.4 1 5
github.com/mnemcik/consigliere/internal/session/context.go:106.3,106.17 1 8
github.com/mnemcik/consigliere/internal/session/context.go:106.17,108.4 1 1
github.com/mnemcik/consigliere/internal/session/context.go:109.3,115.32 5 7
github.com/mnemcik/consigliere/internal/session/context.go:115.32,117.4 1 5
github.com/mnemcik/consigliere/internal/session/context.go:118.3,118.34 1 7
github.com/mnemcik/consigliere/internal/session/context.go:126.58,128.16 2 217
github.com/mnemcik/consigliere/internal/session/context.go:128.16,130.3 1 7
github.com/mnemcik/consigliere/internal/session/context.go:131.2,134.39 4 210
github.com/mnemcik/consigliere/internal/session/context.go:134.39,136.3 1 1
github.com/mnemcik/consigliere/internal/session/context.go:137.2,137.14 1 209
github.com/mnemcik/consigliere/internal/session/context.go:137.14,139.3 1 0
github.com/mnemcik/consigliere/internal/session/context.go:140.2,140.15 1 209
github.com/mnemcik/consigliere/internal/session/context.go:146.41,147.13 1 5
github.com/mnemcik/consigliere/internal/session/context.go:147.13,149.3 1 1
github.com/mnemcik/consigliere/internal/session/context.go:150.2,152.26 3 4
github.com/mnemcik/consigliere/internal/session/context.go:152.26,154.3 1 1
github.com/mnemcik/consigliere/internal/session/context.go:155.2,156.77 2 4
github.com/mnemcik/consigliere/internal/session/context.go:161.48,163.16 2 213
github.com/mnemcik/consigliere/internal/session/context.go:163.16,165.3 1 0
github.com/mnemcik/consigliere/internal/session/context.go:166.2,168.16 3 213
github.com/mnemcik/consigliere/internal/session/context.go:168.16,170.3 1 0
github.com/mnemcik/consigliere/internal/session/context.go:171.2,172.15 2 213
github.com/mnemcik/consigliere/internal/session/context.go:172.15,172.41 1 213
github.com/mnemcik/consigliere/internal/session/context.go:173.2,173.43 1 213
github.com/mnemcik/consigliere/internal/session/context.go:173.43,176.3 2 0
github.com/mnemcik/consigliere/internal/session/context.go:177.2,177.36 1 213
github.com/mnemcik/consigliere/internal/session/context.go:177.36,179.3 1 0
github.com/mnemcik/consigliere/internal/session/context.go:180.2,180.33 1 213
github.com/mnemcik/consigliere/internal/session/end.go:18.63,19.32 1 6
github.com/mnemcik/consigliere/internal/session/end.go:19.32,21.3 1 0
github.com/mnemcik/consigliere/internal/session/end.go:22.2,23.53 2 6
github.com/mnemcik/consigliere/internal/session/end.go:23.53,25.40 2 6
github.com/mnemcik/consigliere/internal/session/end.go:25.40,27.4 1 2
github.com/mnemcik/consigliere/internal/session/end.go:28.3,28.15 1 4
github.com/mnemcik/consigliere/internal/session/end.go:28.15,30.28 2 1
github.com/mnemcik/consigliere/internal/session/end.go:30.28,32.5 1 1
github.com/mnemcik/consigliere/internal/session/end.go:34.3,34.54 1 3
github.com/mnemcik/consigliere/internal/session/end.go:34.54,36.4 1 0
github.com/mnemcik/consigliere/internal/session/end.go:37.3,38.13 2 3
github.com/mnemcik/consigliere/internal/session/end.go:40.2,40.22 1 6
github.com/mnemcik/consigliere/internal/session/gate.go:54.124,57.62 2 8
github.com/mnemcik/consigliere/internal/session/gate.go:57.62,59.3 1 5
github.com/mnemcik/consigliere/internal/session/gate.go:61.2,62.28 2 3
github.com/mnemcik/consigliere/internal/session/gate.go:62.28,64.28 2 1
github.com/mnemcik/consigliere/internal/session/gate.go:64.28,66.4 1 1
github.com/mnemcik/consigliere/internal/session/gate.go:67.3,67.49 1 1
github.com/mnemcik/consigliere/internal/session/gate.go:67.49,69.4 1 1
github.com/mnemcik/consigliere/internal/session/gate.go:72.2,73.39 2 3
github.com/mnemcik/consigliere/internal/session/gate.go:73.39,75.3 1 0
github.com/mnemcik/consigliere/internal/session/gate.go:77.2,84.84 3 3
github.com/mnemcik/consigliere/internal/session/gate.go:89.65,91.15 2 3
github.com/mnemcik/consigliere/internal/session/gate.go:91.15,93.3 1 3
github.com/mnemcik/consigliere/internal/session/gate.go:94.2,95.16 2 0
github.com/mnemcik/consigliere/internal/session/gate.go:95.16,97.3 1 0
github.com/mnemcik/consigliere/internal/session/gate.go:98.2,99.16 2 0
github.com/mnemcik/consigliere/internal/session/gate.go:99.16,101.3 1 0
github.com/mnemcik/consigliere/internal/session/gate.go:102.2,102.17 1 0
github.com/mnemcik/consigliere/internal/session/gate.go:112.53,113.20 1 10
github.com/mnemcik/consigliere/internal/session/gate.go:113.20,115.3 1 7
github.com/mnemcik/consigliere/internal/session/gate.go:116.2,117.29 2 3
github.com/mnemcik/consigliere/internal/session/gate.go:117.29,120.3 2 8
github.com/mnemcik/consigliere/internal/session/gate.go:121.2,122.16 2 3
github.com/mnemcik/consigliere/internal/session/gate.go:122.16,124.3 1 0
github.com/mnemcik/consigliere/internal/session/gate.go:125.2,125.27 1 3
github.com/mnemcik/consigliere/internal/session/gate.go:125.27,126.13 1 4
github.com/mnemcik/consigliere/internal/session/gate.go:126.13,128.4 1 1
github.com/mnemcik/consigliere/internal/session/gate.go:130.2,131.16 2 3
github.com/mnemcik/consigliere/internal/session/gate.go:131.16,133.3 1 0
github.com/mnemcik/consigliere/internal/session/gate.go:134.2,134.26 1 3
github.com/mnemcik/consigliere/internal/session/gate.go:134.26,136.35 2 4
github.com/mnemcik/consigliere/internal/session/gate.go:136.35,137.12 1 2
github.com/mnemcik/consigliere/internal/session/gate.go:139.3,140.29 2 2
github.com/mnemcik/consigliere/internal/session/gate.go:140.29,141.12 1 1
github.com/mnemcik/consigliere/internal/session/gate.go:143.3,143.25 1 1
github.com/mnemcik/consigliere/internal/session/gate.go:143.25,145.4 1 1
github.com/mnemcik/consigliere/internal/session/gate.go:146.3,146.16 1 1
github.com/mnemcik/consigliere/internal/session/gate.go:151.32,154.2 2 4
github.com/mnemcik/consigliere/internal/session/lifecycle.go:16.48,18.2 1 17
github.com/mnemcik/consigliere/internal/session/lifecycle.go:24.53,25.35 1 16
github.com/mnemcik/consigliere/internal/session/lifecycle.go:25.35,27.3 1 5
github.com/mnemcik/consigliere/internal/session/lifecycle.go:28.2,28.64 1 11
github.com/mnemcik/consigliere/internal/session/lifecycle.go:28.64,29.37 1 4
github.com/mnemcik/consigliere/internal/session/lifecycle.go:29.37,31.4 1 3
github.com/mnemcik/consigliere/internal/session/lifecycle.go:32.3,32.20 1 1
github.com/mnemcik/consigliere/internal/session/lifecycle.go:34.2,34.18 1 7
github.com/mnemcik/consigliere/internal/session/lifecycle.go:42.70,43.32 1 3
github.com/mnemcik/consigliere/internal/session/lifecycle.go:43.32,45.3 1 0
github.com/mnemcik/consigliere/internal/session/lifecycle.go:46.2,47.53 2 3
github.com/mnemcik/consigliere/internal/session/lifecycle.go:47.53,50.17 3 3
github.com/mnemcik/consigliere/internal/session/lifecycle.go:50.17,51.38 1 1
github.com/mnemcik/consigliere/internal/session/lifecycle.go:51.38,53.5 1 1
github.com/mnemcik/consigliere/internal/session/lifecycle.go:54.4,54.14 1 0
github.com/mnemcik/consigliere/internal/session/lifecycle.go:56.3,59.34 4 2
github.com/mnemcik/consigliere/internal/session/lifecycle.go:61.2,61.34 1 3
github.com/mnemcik/consigliere/internal/session/lifecycle.go:67.44,68.32 1 3
github.com/mnemcik/consigliere/internal/session/lifecycle.go:68.32,70.3 1 1
github.com/mnemcik/consigliere/internal/session/lifecycle.go:71.2,71.53 1 2
github.com/mnemcik/consigliere/internal/session/lifecycle.go:71.53,71.92 1 2
github.com/mnemcik/consigliere/internal/session/lifecycle.go:80.73,82.27 2 3
github.com/mnemcik/consigliere/internal/session/lifecycle.go:82.27,84.3 1 1
github.com/mnemcik/consigliere/internal/session/lifecycle.go:85.2,86.16 2 2
github.com/mnemcik/consigliere/internal/session/lifecycle.go:86.16,88.3 1 0
github.com/mnemcik/consigliere/internal/session/lifecycle.go:89.2,90.28 2 2
github.com/mnemcik/consigliere/internal/session/lifecycle.go:90.28,92.46 2 7
github.com/mnemcik/consigliere/internal/session/lifecycle.go:92.46,93.12 1 2
github.com/mnemcik/consigliere/internal/session/lifecycle.go:97.3,98.48 2 5
github.com/mnemcik/consigliere/internal/session/lifecycle.go:98.48,100.68 2 5
github.com/mnemcik/consigliere/internal/session/lifecycle.go:100.68,102.5 1 3
github.com/mnemcik/consigliere/internal/session/lifecycle.go:103.4,104.33 2 2
github.com/mnemcik/consigliere/internal/session/lifecycle.go:106.3,106.17 1 5
github.com/mnemcik/consigliere/internal/session/lifecycle.go:106.17,108.4 1 0
github.com/mnemcik/consigliere/internal/session/lifecycle.go:109.3,109.15 1 5
github.com/mnemcik/consigliere/internal/session/lifecycle.go:109.15,111.4 1 2
github.com/mnemcik/consigliere/internal/session/lifecycle.go:113.2,114.21 2 2
github.com/mnemcik/consigliere/internal/session/lock.go:28.46,30.2 1 242
github.com/mnemcik/consigliere/internal/session/lock.go:35.67,36.64 1 229
github.com/mnemcik/consigliere/internal/session/lock.go:36.64,38.3 1 227
github.com/mnemcik/consigliere/internal/session/lock.go:39.2,39.13 1 229
github.com/mnemcik/consigliere/internal/session/lock.go:45.45,47.6 2 229
github.com/mnemcik/consigliere/internal/session/lock.go:47.6,49.15 2 424
github.com/mnemcik/consigliere/internal/session/lock.go:49.15,53.4 3 227
github.com/mnemcik/consigliere/internal/session/lock.go:54.3,54.56 1 197
github.com/mnemcik/consigliere/internal/session/lock.go:54.56,56.4 1 2
github.com/mnemcik/consigliere/internal/session/lock.go:57.3,57.24 1 195
github.com/mnemcik/consigliere/internal/session/lock.go:62.48,63.99 1 7
github.com/mnemcik/consigliere/internal/session/lock.go:63.99,65.3 1 0
github.com/mnemcik/consigliere/internal/session/lock.go:66.2,66.12 1 7
github.com/mnemcik/consigliere/internal/session/lock_unix.go:15.66,17.16 2 433
github.com/mnemcik/consigliere/internal/session/lock_unix.go:17.16,19.3 1 1
github.com/mnemcik/consigliere/internal/session/lock_unix.go:20.2,20.28 1 432
github.com/mnemcik/consigliere/internal/session/lock_unix.go:29.66,30.75 1 433
github.com/mnemcik/consigliere/internal/session/lock_unix.go:30.75,32.39 2 198
github.com/mnemcik/consigliere/internal/session/lock_unix.go:32.39,34.4 1 198
github.com/mnemcik/consigliere/internal/session/lock_unix.go:35.3,35.25 1 0
github.com/mnemcik/consigliere/internal/session/lock_unix.go:37.2,39.61 3 235
github.com/mnemcik/consigliere/internal/session/lock_unix.go:39.61,42.3 2 1
github.com/mnemcik/consigliere/internal/session/lock_unix.go:43.2,43.22 1 234
github.com/mnemcik/consigliere/internal/session/lock_unix.go:47.29,50.2 2 235
github.com/mnemcik/consigliere/internal/session/markdirty.go:12.46,13.32 1 5
github.com/mnemcik/consigliere/internal/session/markdirty.go:13.32,15.3 1 0
github.com/mnemcik/consigliere/internal/session/markdirty.go:16.2,16.53 1 5
github.com/mnemcik/consigliere/internal/session/markdirty.go:16.53,16.90 1 5
github.com/mnemcik/consigliere/internal/session/markdirty.go:19.46,22.16 3 5
github.com/mnemcik/consigliere/internal/session/markdirty.go:22.16,23.37 1 1
github.com/mnemcik/consigliere/internal/session/markdirty.go:23.37,25.4 1 1
github.com/mnemcik/consigliere/internal/session/markdirty.go:26.3,26.13 1 0
github.com/mnemcik/consigliere/internal/session/markdirty.go:28.2,28.50 1 4
github.com/mnemcik/consigliere/internal/session/markdirty.go:28.50,30.3 1 0
github.com/mnemcik/consigliere/internal/session/markdirty.go:31.2,32.33 2 4
github.com/mnemcik/consigliere/internal/session/pulllatest.go:28.76,30.16 2 4
github.com/mnemcik/consigliere/internal/session/pulllatest.go:30.16,32.3 1 0
github.com/mnemcik/consigliere/internal/session/pulllatest.go:34.2,35.43 2 4
github.com/mnemcik/consigliere/internal/session/pulllatest.go:35.43,37.3 1 1
github.com/mnemcik/consigliere/internal/session/pulllatest.go:38.2,38.30 1 3
github.com/mnemcik/consigliere/internal/session/pulllatest.go:38.30,40.3 1 0
github.com/mnemcik/consigliere/internal/session/pulllatest.go:42.2,44.76 3 3
github.com/mnemcik/consigliere/internal/session/pulllatest.go:44.76,47.3 1 0
github.com/mnemcik/consigliere/internal/session/pulllatest.go:49.2,52.63 4 3
github.com/mnemcik/consigliere/internal/session/pulllatest.go:52.63,54.3 1 0
github.com/mnemcik/consigliere/internal/session/pulllatest.go:55.2,55.21 1 3
github.com/mnemcik/consigliere/internal/session/pulllatest.go:55.21,57.3 1 1
github.com/mnemcik/consigliere/internal/session/pulllatest.go:59.2,59.9 1 2
github.com/mnemcik/consigliere/internal/session/pulllatest.go:60.49,62.64 1 1
github.com/mnemcik/consigliere/internal/session/pulllatest.go:62.64,65.4 1 0
github.com/mnemcik/consigliere/internal/session/pulllatest.go:66.3,67.108 2 1
github.com/mnemcik/consigliere/internal/session/pulllatest.go:68.49,69.22 1 0
github.com/mnemcik/consigliere/internal/session/pulllatest.go:70.10,72.119 1 1
github.com/mnemcik/consigliere/internal/session/pulllatest.go:76.31,77.18 1 1
github.com/mnemcik/consigliere/internal/session/pulllatest.go:77.18,79.3 1 1
github.com/mnemcik/consigliere/internal/session/pulllatest.go:80.2,80.12 1 0
github.com/mnemcik/consigliere/internal/session/statusline.go:29.108,32.16 2 4
github.com/mnemcik/consigliere/internal/session/statusline.go:32.16,34.3 1 0
github.com/mnemcik/consigliere/internal/session/statusline.go:35.2,36.65 2 4
github.com/mnemcik/consigliere/internal/session/statusline.go:36.65,38.3 1 1
github.com/mnemcik/consigliere/internal/session/statusline.go:40.2,41.16 2 3
github.com/mnemcik/consigliere/internal/session/statusline.go:41.16,43.3 1 2
github.com/mnemcik/consigliere/internal/session/statusline.go:44.2,44.28 1 1
github.com/mnemcik/consigliere/internal/session/statusline.go:60.77,61.20 1 9
github.com/mnemcik/consigliere/internal/session/statusline.go:61.20,63.3 1 4
github.com/mnemcik/consigliere/internal/session/statusline.go:64.2,76.16 6 5
github.com/mnemcik/consigliere/internal/session/statusline.go:76.16,78.3 1 2
github.com/mnemcik/consigliere/internal/session/statusline.go:79.2,79.45 1 3
github.com/mnemcik/consigliere/internal/session/statusline.go:82.70,83.23 1 3
github.com/mnemcik/consigliere/internal/session/statusline.go:83.23,85.3 1 3
github.com/mnemcik/consigliere/internal/session/statusline.go:86.2,93.13 6 3
github.com/mnemcik/consigliere/internal/session/statusline.go:93.13,95.3 1 1
github.com/mnemcik/consigliere/internal/session/statusline.go:96.2,96.14 1 3
github.com/mnemcik/consigliere/internal/session/statusline.go:112.48,113.21 1 3
github.com/mnemcik/consigliere/internal/session/statusline.go:113.21,114.101 1 2
github.com/mnemcik/consigliere/internal/session/statusline.go:114.101,116.4 1 1
github.com/mnemcik/consigliere/internal/session/statusline.go:118.2,118.18 1 2
github.com/mnemcik/consigliere/internal/session/statusline.go:118.18,119.88 1 2
github.com/mnemcik/consigliere/internal/session/statusline.go:119.88,121.4 1 0
github.com/mnemcik/consigliere/internal/session/statusline.go:123.2,124.16 2 2
github.com/mnemcik/consigliere/internal/session/statusline.go:124.16,126.3 1 1
github.com/mnemcik/consigliere/internal/session/statusline.go:127.2,127.28 1 2
github.com/mnemcik/consigliere/internal/session/statusline.go:133.36,135.16 2 11
github.com/mnemcik/consigliere/internal/session/statusline.go:135.16,137.3 1 3
github.com/mnemcik/consigliere/internal/session/statusline.go:138.2,138.16 1 8
github.com/mnemcik/consigliere/internal/session/statusline.go:144.37,149.2 3 4
github.com/mnemcik/consigliere/internal/worktree/land.go:57.86,58.40 1 10
github.com/mnemcik/consigliere/internal/worktree/land.go:58.40,58.82 1 21
github.com/mnemcik/consigliere/internal/worktree/land.go:60.2,62.24 3 10
github.com/mnemcik/consigliere/internal/worktree/land.go:62.24,64.3 1 0
github.com/mnemcik/consigliere/internal/worktree/land.go:65.2,66.25 2 10
github.com/mnemcik/consigliere/internal/worktree/land.go:66.25,68.3 1 0
github.com/mnemcik/consigliere/internal/worktree/land.go:69.2,70.20 2 10
github.com/mnemcik/consigliere/internal/worktree/land.go:70.20,72.3 1 9
github.com/mnemcik/consigliere/internal/worktree/land.go:75.2,76.16 2 10
github.com/mnemcik/consigliere/internal/worktree/land.go:76.16,78.3 1 1
github.com/mnemcik/consigliere/internal/worktree/land.go:87.2,87.25 1 9
github.com/mnemcik/consigliere/internal/worktree/land.go:87.25,89.10 2 4
github.com/mnemcik/consigliere/internal/worktree/land.go:90.57,91.138 1 2
github.com/mnemcik/consigliere/internal/worktree/land.go:92.55,96.25 1 1
github.com/mnemcik/consigliere/internal/worktree/land.go:97.58,99.65 1 1
github.com/mnemcik/consigliere/internal/worktree/land.go:103.2,104.18 2 7
github.com/mnemcik/consigliere/internal/worktree/land.go:104.18,106.3 1 7
github.com/mnemcik/consigliere/internal/worktree/land.go:108.2,108.18 1 7
github.com/mnemcik/consigliere/internal/worktree/land.go:109.38,110.68 1 6
github.com/mnemcik/consigliere/internal/worktree/land.go:111.28,112.55 1 0
github.com/mnemcik/consigliere/internal/worktree/land.go:113.10,116.67 1 1
github.com/mnemcik/consigliere/internal/worktree/land.go:123.116,124.31 1 10
github.com/mnemcik/consigliere/internal/worktree/land.go:124.31,128.66 4 0
github.com/mnemcik/consigliere/internal/worktree/land.go:128.66,130.4 1 0
github.com/mnemcik/consigliere/internal/worktree/land.go:131.3,131.21 1 0
github.com/mnemcik/consigliere/internal/worktree/land.go:133.2,134.16 2 10
github.com/mnemcik/consigliere/internal/worktree/land.go:134.16,136.3 1 0
github.com/mnemcik/consigliere/internal/worktree/land.go:137.2,137.46 1 10
github.com/mnemcik/consigliere/internal/worktree/land.go:137.46,140.3 1 1
github.com/mnemcik/consigliere/internal/worktree/land.go:141.2,141.20 1 9
github.com/mnemcik/consigliere/internal/worktree/land.go:147.63,149.56 2 0
github.com/mnemcik/consigliere/internal/worktree/land.go:149.56,150.72 1 0
github.com/mnemcik/consigliere/internal/worktree/land.go:150.72,152.4 1 0
github.com/mnemcik/consigliere/internal/worktree/land.go:154.2,154.13 1 0
github.com/mnemcik/consigliere/internal/worktree/land.go:157.136,161.70 3 6
github.com/mnemcik/consigliere/internal/worktree/land.go:161.70,163.3 1 0
github.com/mnemcik/consigliere/internal/worktree/land.go:165.2,166.55 2 6
github.com/mnemcik/consigliere/internal/worktree/land.go:166.55,168.64 2 7
github.com/mnemcik/consigliere/internal/worktree/land.go:168.64,171.9 3 5
github.com/mnemcik/consigliere/internal/worktree/land.go:173.3,173.30 1 2
github.com/mnemcik/consigliere/internal/worktree/land.go:173.30,176.4 1 0
github.com/mnemcik/consigliere/internal/worktree/land.go:177.3,178.71 2 2
github.com/mnemcik/consigliere/internal/worktree/land.go:178.71,180.4 1 0
github.com/mnemcik/consigliere/internal/worktree/land.go:181.3,181.59 1 2
github.com/mnemcik/consigliere/internal/worktree/land.go:181.59,184.19 3 1
github.com/mnemcik/consigliere/internal/worktree/land.go:184.19,186.5 1 0
github.com/mnemcik/consigliere/internal/worktree/land.go:187.4,188.90 1 1
github.com/mnemcik/consigliere/internal/worktree/land.go:191.2,191.13 1 5
github.com/mnemcik/consigliere/internal/worktree/land.go:191.13,193.3 1 0
github.com/mnemcik/consigliere/internal/worktree/land.go:196.2,196.70 1 5
github.com/mnemcik/consigliere/internal/worktree/land.go:196.70,198.3 1 0
github.com/mnemcik/consigliere/internal/worktree/land.go:199.2,199.52 1 5
github.com/mnemcik/consigliere/internal/worktree/land.go:199.52,202.3 1 0
github.com/mnemcik/consigliere/internal/worktree/land.go:203.2,204.16 2 5
github.com/mnemcik/consigliere/internal/worktree/land.go:204.16,206.3 1 0
github.com/mnemcik/consigliere/internal/worktree/land.go:207.2,208.79 2 5
github.com/mnemcik/consigliere/internal/worktree/land.go:211.116,212.47 1 0
github.com/mnemcik/consigliere/internal/worktree/land.go:212.47,215.3 1 0
github.com/mnemcik/consigliere/internal/worktree/land.go:217.2,218.81 2 0
github.com/mnemcik/consigliere/internal/worktree/land.go:218.81,220.3 1 0
github.com/mnemcik/consigliere/internal/worktree/land.go:223.2,224.16 2 0
github.com/mnemcik/consigliere/internal/worktree/land.go:224.16,226.3 1 0
github.com/mnemcik/consigliere/internal/worktree/land.go:227.2,228.68 2 0
github.com/mnemcik/consigliere/internal/worktree/land.go:233.95,239.22 4 0
github.com/mnemcik/consigliere/internal/worktree/land.go:239.22,241.3 1 0
github.com/mnemcik/consigliere/internal/worktree/land.go:246.2,249.20 4 0
github.com/mnemcik/consigliere/internal/worktree/land.go:249.20,252.3 1 0
github.com/mnemcik/consigliere/internal/worktree/land.go:253.2,253.48 1 0
github.com/mnemcik/consigliere/internal/worktree/land.go:258.33,260.25 2 0
github.com/mnemcik/consigliere/internal/worktree/land.go:260.25,261.61 1 0
github.com/mnemcik/consigliere/internal/worktree/land.go:261.61,263.4 1 0
github.com/mnemcik/consigliere/internal/worktree/land.go:265.2,265.20 1 0
github.com/mnemcik/consigliere/internal/worktree/list.go:21.37,21.60 1 3
github.com/mnemcik/consigliere/internal/worktree/list.go:28.66,30.16 2 3
github.com/mnemcik/consigliere/internal/worktree/list.go:30.16,32.3 1 0
github.com/mnemcik/consigliere/internal/worktree/list.go:33.2,36.31 3 3
github.com/mnemcik/consigliere/internal/worktree/list.go:36.31,43.95 2 6
github.com/mnemcik/consigliere/internal/worktree/list.go:43.95,45.99 2 3
github.com/mnemcik/consigliere/internal/worktree/list.go:45.99,47.5 1 3
github.com/mnemcik/consigliere/internal/worktree/list.go:49.3,49.31 1 6
github.com/mnemcik/consigliere/internal/worktree/list.go:51.2,51.21 1 3
github.com/mnemcik/consigliere/internal/worktree/list.go:54.31,56.13 2 3
github.com/mnemcik/consigliere/internal/worktree/list.go:56.13,58.3 1 2
github.com/mnemcik/consigliere/internal/worktree/list.go:59.2,59.35 1 1
github.com/mnemcik/consigliere/internal/worktree/remove.go:28.82,29.22 1 11
github.com/mnemcik/consigliere/internal/worktree/remove.go:29.22,31.3 1 1
github.com/mnemcik/consigliere/internal/worktree/remove.go:32.2,32.40 1 10
github.com/mnemcik/consigliere/internal/worktree/remove.go:32.40,32.82 1 27
github.com/mnemcik/consigliere/internal/worktree/remove.go:34.2,40.92 5 10
github.com/mnemcik/consigliere/internal/worktree/remove.go:40.92,43.3 1 0
github.com/mnemcik/consigliere/internal/worktree/remove.go:45.2,45.79 1 10
github.com/mnemcik/consigliere/internal/worktree/remove.go:45.79,47.3 1 0
github.com/mnemcik/consigliere/internal/worktree/remove.go:50.2,50.101 1 10
github.com/mnemcik/consigliere/internal/worktree/remove.go:50.101,51.17 1 2
github.com/mnemcik/consigliere/internal/worktree/remove.go:51.17,53.18 2 1
github.com/mnemcik/consigliere/internal/worktree/remove.go:53.18,55.5 1 0
github.com/mnemcik/consigliere/internal/worktree/remove.go:56.4,58.78 3 1
github.com/mnemcik/consigliere/internal/worktree/remove.go:60.3,60.73 1 1
github.com/mnemcik/consigliere/internal/worktree/remove.go:64.2,65.16 2 9
github.com/mnemcik/consigliere/internal/worktree/remove.go:65.16,67.3 1 0
github.com/mnemcik/consigliere/internal/worktree/remove.go:68.2,68.39 1 9
github.com/mnemcik/consigliere/internal/worktree/remove.go:68.39,74.17 1 8
github.com/mnemcik/consigliere/internal/worktree/remove.go:74.17,76.18 2 6
github.com/mnemcik/consigliere/internal/worktree/remove.go:76.18,78.5 1 0
github.com/mnemcik/consigliere/internal/worktree/remove.go:79.4,79.19 1 6
github.com/mnemcik/consigliere/internal/worktree/remove.go:79.19,83.5 3 3
github.com/mnemcik/consigliere/internal/worktree/remove.go:85.3,86.85 2 5
github.com/mnemcik/consigliere/internal/worktree/remove.go:86.85,88.4 1 0
github.com/mnemcik/consigliere/internal/worktree/remove.go:89.8,91.3 1 1
github.com/mnemcik/consigliere/internal/worktree/remove.go:96.2,96.46 1 6
github.com/mnemcik/consigliere/internal/worktree/remove.go:96.46,98.66 2 5
github.com/mnemcik/consigliere/internal/worktree/remove.go:98.66,100.4 1 0
github.com/mnemcik/consigliere/internal/worktree/remove.go:101.8,103.3 1 1
github.com/mnemcik/consigliere/internal/worktree/remove.go:105.2,106.12 2 6
github.com/mnemcik/consigliere/internal/worktree/worktree.go:23.34,23.69 1 46
github.com/mnemcik/consigliere/internal/worktree/worktree.go:41.51,43.9 2 35
github.com/mnemcik/consigliere/internal/worktree/worktree.go:44.20,45.18 1 33
github.com/mnemcik/consigliere/internal/worktree/worktree.go:46.31,49.41 1 1
github.com/mnemcik/consigliere/internal/worktree/worktree.go:51.2,51.29 1 35
github.com/mnemcik/consigliere/internal/worktree/worktree.go:54.45,54.77 1 32
github.com/mnemcik/consigliere/internal/worktree/worktree.go:56.38,56.76 1 35
github.com/mnemcik/consigliere/internal/worktree/worktree.go:66.92,67.22 1 23
github.com/mnemcik/consigliere/internal/worktree/worktree.go:67.22,69.3 1 1
github.com/mnemcik/consigliere/internal/worktree/worktree.go:73.2,73.40 1 22
github.com/mnemcik/consigliere/internal/worktree/worktree.go:73.40,73.82 1 23
github.com/mnemcik/consigliere/internal/worktree/worktree.go:75.2,79.79 4 22
github.com/mnemcik/consigliere/internal/worktree/worktree.go:79.79,81.3 1 0
github.com/mnemcik/consigliere/internal/worktree/worktree.go:84.2,85.16 2 22
github.com/mnemcik/consigliere/internal/worktree/worktree.go:85.16,87.3 1 0
github.com/mnemcik/consigliere/internal/worktree/worktree.go:88.2,88.39 1 22
github.com/mnemcik/consigliere/internal/worktree/worktree.go:88.39,92.17 2 3
github.com/mnemcik/consigliere/internal/worktree/worktree.go:92.17,94.4 1 0
github.com/mnemcik/consigliere/internal/worktree/worktree.go:95.3,95.35 1 3
github.com/mnemcik/consigliere/internal/worktree/worktree.go:95.35,99.4 3 1
github.com/mnemcik/consigliere/internal/worktree/worktree.go:100.3,101.27 2 2
github.com/mnemcik/consigliere/internal/worktree/worktree.go:105.2,106.46 2 19
github.com/mnemcik/consigliere/internal/worktree/worktree.go:106.46,107.58 1 0
github.com/mnemcik/consigliere/internal/worktree/worktree.go:107.58,108.18 1 0
github.com/mnemcik/consigliere/internal/worktree/worktree.go:108.18,110.19 2 0
github.com/mnemcik/consigliere/internal/worktree/worktree.go:110.19,112.6 1 0
github.com/mnemcik/consigliere/internal/worktree/worktree.go:113.5,115.90 3 0
github.com/mnemcik/consigliere/internal/worktree/worktree.go:117.4,117.79 1 0
github.com/mnemcik/consigliere/internal/worktree/worktree.go:118.9,120.4 1 0
github.com/mnemcik/consigliere/internal/worktree/worktree.go:121.3,121.79 1 0
github.com/mnemcik/consigliere/internal/worktree/worktree.go:121.79,123.4 1 0
github.com/mnemcik/consigliere/internal/worktree/worktree.go:124.3,124.27 1 0
github.com/mnemcik/consigliere/internal/worktree/worktree.go:128.2,129.90 2 19
github.com/mnemcik/consigliere/internal/worktree/worktree.go:129.90,131.3 1 0
github.com/mnemcik/consigliere/internal/worktree/worktree.go:132.2,132.26 1 19
github.com/mnemcik/consigliere/internal/worktree/worktree.go:135.55,137.26 2 32
github.com/mnemcik/consigliere/internal/worktree/worktree.go:137.26,138.27 1 44
github.com/mnemcik/consigliere/internal/worktree/worktree.go:138.27,140.4 1 11
github.com/mnemcik/consigliere/internal/worktree/worktree.go:142.2,142.14 1 21
github.com/mnemcik/consigliere/internal/worktree/worktree.go:147.31,148.52 1 96
github.com/mnemcik/consigliere/internal/worktree/worktree.go:148.52,150.3 1 74
github.com/mnemcik/consigliere/internal/worktree/worktree.go:151.2,151.26 1 22
github.com/mnemcik/consigliere/internal/share/export.go:45.66,47.82 2 57
github.com/mnemcik/consigliere/internal/share/export.go:47.82,49.3 1 3
github.com/mnemcik/consigliere/internal/share/export.go:50.2,52.60 3 54
github.com/mnemcik/consigliere/internal/share/export.go:52.60,54.3 1 1
github.com/mnemcik/consigliere/internal/share/export.go:56.2,57.16 2 53
github.com/mnemcik/consigliere/internal/share/export.go:57.16,59.3 1 13
github.com/mnemcik/consigliere/internal/share/export.go:60.2,61.29 2 40
github.com/mnemcik/consigliere/internal/share/export.go:61.29,63.17 2 82
github.com/mnemcik/consigliere/internal/share/export.go:63.17,65.4 1 0
github.com/mnemcik/consigliere/internal/share/export.go:66.3,66.29 1 82
github.com/mnemcik/consigliere/internal/share/export.go:69.2,70.16 2 40
github.com/mnemcik/consigliere/internal/share/export.go:70.16,72.3 1 4
github.com/mnemcik/consigliere/internal/share/export.go:73.2,74.16 2 36
github.com/mnemcik/consigliere/internal/share/export.go:74.16,76.3 1 0
github.com/mnemcik/consigliere/internal/share/export.go:77.2,77.89 1 36
github.com/mnemcik/consigliere/internal/share/export.go:85.66,87.16 2 54
github.com/mnemcik/consigliere/internal/share/export.go:87.16,89.3 1 0
github.com/mnemcik/consigliere/internal/share/export.go:90.2,92.36 3 54
github.com/mnemcik/consigliere/internal/share/export.go:92.36,93.63 1 160
github.com/mnemcik/consigliere/internal/share/export.go:93.63,94.12 1 53
github.com/mnemcik/consigliere/internal/share/export.go:99.3,99.39 1 107
github.com/mnemcik/consigliere/internal/share/export.go:99.39,100.26 1 2
github.com/mnemcik/consigliere/internal/share/export.go:100.26,102.5 1 1
github.com/mnemcik/consigliere/internal/share/export.go:103.4,103.12 1 1
github.com/mnemcik/consigliere/internal/share/export.go:105.3,105.60 1 105
github.com/mnemcik/consigliere/internal/share/export.go:105.60,107.4 1 0
github.com/mnemcik/consigliere/internal/share/export.go:108.3,109.30 2 105
github.com/mnemcik/consigliere/internal/share/export.go:111.2,111.23 1 53
github.com/mnemcik/consigliere/internal/share/export.go:111.23,113.3 1 0
github.com/mnemcik/consigliere/internal/share/export.go:114.2,114.30 1 53
github.com/mnemcik/consigliere/internal/share/export.go:114.30,116.88 2 16
github.com/mnemcik/consigliere/internal/share/export.go:116.88,118.4 1 2
github.com/mnemcik/consigliere/internal/share/export.go:119.3,119.21 1 14
github.com/mnemcik/consigliere/internal/share/export.go:119.21,121.4 1 5
github.com/mnemcik/consigliere/internal/share/export.go:122.3,122.17 1 9
github.com/mnemcik/consigliere/internal/share/export.go:122.17,123.12 1 0
github.com/mnemcik/consigliere/internal/share/export.go:125.3,125.83 1 9
github.com/mnemcik/consigliere/internal/share/export.go:125.83,127.4 1 1
github.com/mnemcik/consigliere/internal/share/export.go:128.3,128.60 1 8
github.com/mnemcik/consigliere/internal/share/export.go:128.60,130.4 1 5
github.com/mnemcik/consigliere/internal/share/export.go:131.3,132.30 2 3
github.com/mnemcik/consigliere/internal/share/export.go:134.2,135.19 2 40
github.com/mnemcik/consigliere/internal/share/export.go:140.54,143.16 3 113
github.com/mnemcik/consigliere/internal/share/export.go:143.16,145.3 1 0
github.com/mnemcik/consigliere/internal/share/export.go:146.2,146.30 1 113
github.com/mnemcik/consigliere/internal/share/export.go:146.30,148.3 1 1
github.com/mnemcik/consigliere/internal/share/export.go:152.2,152.50 1 112
github.com/mnemcik/consigliere/internal/share/export.go:152.50,154.3 1 3
github.com/mnemcik/consigliere/internal/share/export.go:155.2,156.16 2 109
github.com/mnemcik/consigliere/internal/share/export.go:156.16,158.3 1 0
github.com/mnemcik/consigliere/internal/share/export.go:159.2,160.90 2 109
github.com/mnemcik/consigliere/internal/share/export.go:160.90,162.3 1 1
github.com/mnemcik/consigliere/internal/share/export.go:163.2,163.12 1 108
github.com/mnemcik/consigliere/internal/share/export.go:166.82,168.26 2 40
github.com/mnemcik/consigliere/internal/share/export.go:168.26,170.3 1 40
github.com/mnemcik/consigliere/internal/share/export.go:173.2,174.16 2 40
github.com/mnemcik/consigliere/internal/share/export.go:174.16,176.3 1 0
github.com/mnemcik/consigliere/internal/share/export.go:177.2,177.18 1 40
github.com/mnemcik/consigliere/internal/share/export.go:177.18,180.3 1 3
github.com/mnemcik/consigliere/internal/share/export.go:182.2,183.16 2 37
github.com/mnemcik/consigliere/internal/share/export.go:183.16,185.3 1 0
github.com/mnemcik/consigliere/internal/share/export.go:186.2,187.22 2 37
github.com/mnemcik/consigliere/internal/share/export.go:187.22,189.3 1 0
github.com/mnemcik/consigliere/internal/share/export.go:191.2,192.17 2 37
github.com/mnemcik/consigliere/internal/share/export.go:192.17,196.3 1 36
github.com/mnemcik/consigliere/internal/share/export.go:197.2,197.17 1 37
github.com/mnemcik/consigliere/internal/share/export.go:197.17,199.3 1 1
github.com/mnemcik/consigliere/internal/share/export.go:200.2,200.55 1 36
github.com/mnemcik/consigliere/internal/share/export.go:205.42,206.25 1 1
github.com/mnemcik/consigliere/internal/share/export.go:206.25,208.3 1 1
github.com/mnemcik/consigliere/internal/share/export.go:209.2,209.33 1 0
github.com/mnemcik/consigliere/internal/share/export.go:214.60,216.9 2 2
github.com/mnemcik/consigliere/internal/share/export.go:217.38,218.61 1 1
github.com/mnemcik/consigliere/internal/share/export.go:219.41,220.13 1 0
github.com/mnemcik/consigliere/internal/share/export.go:222.2,222.30 1 1
github.com/mnemcik/consigliere/internal/share/export.go:227.59,228.31 1 22
github.com/mnemcik/consigliere/internal/share/export.go:228.31,230.64 2 88
github.com/mnemcik/consigliere/internal/share/export.go:230.64,232.4 1 0
github.com/mnemcik/consigliere/internal/share/export.go:233.3,233.65 1 88
github.com/mnemcik/consigliere/internal/share/export.go:233.65,235.4 1 0
github.com/mnemcik/consigliere/internal/share/export.go:237.2,237.12 1 22
github.com/mnemcik/consigliere/internal/share/export.go:242.45,244.48 2 224
github.com/mnemcik/consigliere/internal/share/export.go:244.48,246.17 2 229
github.com/mnemcik/consigliere/internal/share/export.go:246.17,248.4 1 0
github.com/mnemcik/consigliere/internal/share/export.go:249.3,250.29 2 229
github.com/mnemcik/consigliere/internal/share/export.go:250.29,251.24 1 366
github.com/mnemcik/consigliere/internal/share/export.go:251.24,253.10 2 221
github.com/mnemcik/consigliere/internal/share/export.go:256.3,256.13 1 229
github.com/mnemcik/consigliere/internal/share/export.go:256.13,258.4 1 8
github.com/mnemcik/consigliere/internal/share/export.go:259.3,259.33 1 221
github.com/mnemcik/consigliere/internal/share/export.go:261.2,261.12 1 216
github.com/mnemcik/consigliere/internal/share/links.go:42.37,44.36 2 315
github.com/mnemcik/consigliere/internal/share/links.go:44.36,46.3 1 42
github.com/mnemcik/consigliere/internal/share/links.go:47.2,48.60 2 273
github.com/mnemcik/consigliere/internal/share/links.go:52.41,53.70 1 522
github.com/mnemcik/consigliere/internal/share/links.go:53.70,55.3 1 6
github.com/mnemcik/consigliere/internal/share/links.go:56.2,56.15 1 516
github.com/mnemcik/consigliere/internal/share/links.go:66.85,69.29 3 117
github.com/mnemcik/consigliere/internal/share/links.go:69.29,71.77 2 1052
github.com/mnemcik/consigliere/internal/share/links.go:71.77,73.12 2 42
github.com/mnemcik/consigliere/internal/share/links.go:75.3,75.14 1 1010
github.com/mnemcik/consigliere/internal/share/links.go:75.14,76.12 1 21
github.com/mnemcik/consigliere/internal/share/links.go:78.3,79.32 2 989
github.com/mnemcik/consigliere/internal/share/links.go:79.32,81.4 1 988
github.com/mnemcik/consigliere/internal/share/links.go:82.3,82.17 1 989
github.com/mnemcik/consigliere/internal/share/links.go:82.17,84.4 1 988
github.com/mnemcik/consigliere/internal/share/links.go:85.3,85.17 1 989
github.com/mnemcik/consigliere/internal/share/links.go:85.17,87.4 1 2
github.com/mnemcik/consigliere/internal/share/links.go:88.3,88.17 1 987
github.com/mnemcik/consigliere/internal/share/links.go:90.2,90.39 1 115
github.com/mnemcik/consigliere/internal/share/links.go:95.86,97.36 2 989
github.com/mnemcik/consigliere/internal/share/links.go:97.36,99.3 1 987
github.com/mnemcik/consigliere/internal/share/links.go:100.2,101.23 2 2
github.com/mnemcik/consigliere/internal/share/links.go:101.23,103.3 1 1
github.com/mnemcik/consigliere/internal/share/links.go:104.2,104.51 1 1
github.com/mnemcik/consigliere/internal/share/links.go:111.84,115.66 4 1210
github.com/mnemcik/consigliere/internal/share/links.go:115.66,116.29 1 243
github.com/mnemcik/consigliere/internal/share/links.go:116.29,117.12 1 21
github.com/mnemcik/consigliere/internal/share/links.go:119.3,122.18 4 222
github.com/mnemcik/consigliere/internal/share/links.go:122.18,124.4 1 1
github.com/mnemcik/consigliere/internal/share/links.go:125.3,126.17 2 222
github.com/mnemcik/consigliere/internal/share/links.go:126.17,128.4 1 0
github.com/mnemcik/consigliere/internal/share/links.go:130.3,132.25 3 222
github.com/mnemcik/consigliere/internal/share/links.go:132.25,134.12 2 43
github.com/mnemcik/consigliere/internal/share/links.go:136.3,137.17 2 179
github.com/mnemcik/consigliere/internal/share/links.go:137.17,139.4 1 1
github.com/mnemcik/consigliere/internal/share/links.go:140.3,140.10 1 178
github.com/mnemcik/consigliere/internal/share/links.go:141.11,142.86 1 25
github.com/mnemcik/consigliere/internal/share/links.go:143.19,144.32 1 0
github.com/mnemcik/consigliere/internal/share/links.go:145.11,146.45 1 153
github.com/mnemcik/consigliere/internal/share/links.go:149.2,150.24 2 1209
github.com/mnemcik/consigliere/internal/share/links.go:154.48,155.38 1 26
github.com/mnemcik/consigliere/internal/share/links.go:155.38,157.3 1 1
github.com/mnemcik/consigliere/internal/share/links.go:158.2,158.18 1 25
github.com/mnemcik/consigliere/internal/share/links.go:163.68,165.67 2 988
github.com/mnemcik/consigliere/internal/share/links.go:165.67,166.29 1 90
github.com/mnemcik/consigliere/internal/share/links.go:166.29,167.12 1 21
github.com/mnemcik/consigliere/internal/share/links.go:169.3,170.25 2 69
github.com/mnemcik/consigliere/internal/share/links.go:170.25,171.12 1 43
github.com/mnemcik/consigliere/internal/share/links.go:173.3,173.94 1 26
github.com/mnemcik/consigliere/internal/share/links.go:173.94,175.4 1 1
github.com/mnemcik/consigliere/internal/share/links.go:177.2,177.12 1 987
github.com/mnemcik/consigliere/internal/share/links.go:183.38,185.29 2 2199
github.com/mnemcik/consigliere/internal/share/links.go:185.29,186.21 1 32136
github.com/mnemcik/consigliere/internal/share/links.go:186.21,188.12 2 31910
github.com/mnemcik/consigliere/internal/share/links.go:190.3,192.34 3 226
github.com/mnemcik/consigliere/internal/share/links.go:192.34,193.22 1 2593
github.com/mnemcik/consigliere/internal/share/links.go:193.22,195.13 2 2367
github.com/mnemcik/consigliere/internal/share/links.go:197.4,198.14 2 226
github.com/mnemcik/consigliere/internal/share/links.go:198.14,201.10 3 225
github.com/mnemcik/consigliere/internal/share/links.go:203.4,203.10 1 1
github.com/mnemcik/consigliere/internal/share/links.go:205.3,205.14 1 226
github.com/mnemcik/consigliere/internal/share/links.go:205.14,207.4 1 1
github.com/mnemcik/consigliere/internal/share/links.go:209.2,209.14 1 2199
github.com/mnemcik/consigliere/internal/share/links.go:212.34,214.36 2 452
github.com/mnemcik/consigliere/internal/share/links.go:214.36,216.3 1 454
github.com/mnemcik/consigliere/internal/share/links.go:217.2,217.10 1 452
github.com/mnemcik/consigliere/internal/share/links.go:220.44,221.26 1 333
github.com/mnemcik/consigliere/internal/share/links.go:221.26,222.32 1 64
github.com/mnemcik/consigliere/internal/share/links.go:222.32,224.4 1 42
github.com/mnemcik/consigliere/internal/share/links.go:226.2,226.14 1 291
github.com/mnemcik/consigliere/internal/share/links.go:232.111,234.49 2 207
github.com/mnemcik/consigliere/internal/share/links.go:234.49,236.3 1 86
github.com/mnemcik/consigliere/internal/share/links.go:237.2,237.34 1 207
github.com/mnemcik/consigliere/internal/share/links.go:237.34,239.3 1 0
github.com/mnemcik/consigliere/internal/share/links.go:240.2,241.60 2 207
github.com/mnemcik/consigliere/internal/share/links.go:241.60,243.3 1 1
github.com/mnemcik/consigliere/internal/share/links.go:245.2,246.9 2 206
github.com/mnemcik/consigliere/internal/share/links.go:246.9,249.3 1 156
github.com/mnemcik/consigliere/internal/share/links.go:250.2,250.9 1 206
github.com/mnemcik/consigliere/internal/share/links.go:250.9,252.3 1 155
github.com/mnemcik/consigliere/internal/share/links.go:253.2,253.65 1 51
github.com/mnemcik/consigliere/internal/share/links.go:257.43,261.97 4 54
github.com/mnemcik/consigliere/internal/share/links.go:261.97,263.3 1 47
github.com/mnemcik/consigliere/internal/share/links.go:264.2,265.31 2 54
github.com/mnemcik/consigliere/internal/share/links.go:265.31,267.3 1 8
github.com/mnemcik/consigliere/internal/share/links.go:268.2,269.33 2 54
github.com/mnemcik/consigliere/internal/share/links.go:272.35,273.25 1 108
github.com/mnemcik/consigliere/internal/share/links.go:273.25,275.3 1 0
github.com/mnemcik/consigliere/internal/share/links.go:276.2,276.30 1 108
github.com/mnemcik/consigliere/internal/share/manifest.go:53.50,55.23 2 32
github.com/mnemcik/consigliere/internal/share/manifest.go:55.23,57.3 1 67
github.com/mnemcik/consigliere/internal/share/manifest.go:58.2,60.26 3 32
github.com/mnemcik/consigliere/internal/share/manifest.go:60.26,63.3 1 67
github.com/mnemcik/consigliere/internal/share/manifest.go:64.2,64.39 1 32
github.com/mnemcik/consigliere/internal/share/manifest.go:68.51,70.27 2 22
github.com/mnemcik/consigliere/internal/share/manifest.go:70.27,71.45 1 46
github.com/mnemcik/consigliere/internal/share/manifest.go:71.45,73.4 1 46
github.com/mnemcik/consigliere/internal/share/manifest.go:75.2,81.3 2 22
github.com/mnemcik/consigliere/internal/share/manifest.go:91.33,93.2 1 13
github.com/mnemcik/consigliere/internal/share/manifest.go:99.44,104.70 3 54
github.com/mnemcik/consigliere/internal/share/manifest.go:104.70,106.3 1 2
github.com/mnemcik/consigliere/internal/share/manifest.go:107.2,107.82 1 52
github.com/mnemcik/consigliere/internal/share/manifest.go:107.82,109.3 1 0
github.com/mnemcik/consigliere/internal/share/manifest.go:110.2,110.60 1 52
github.com/mnemcik/consigliere/internal/share/manifest.go:118.81,119.34 1 9
github.com/mnemcik/consigliere/internal/share/manifest.go:119.34,121.3 1 1
github.com/mnemcik/consigliere/internal/share/manifest.go:122.2,124.16 3 8
github.com/mnemcik/consigliere/internal/share/manifest.go:124.16,126.3 1 2
github.com/mnemcik/consigliere/internal/share/manifest.go:127.2,127.36 1 6
github.com/mnemcik/consigliere/internal/share/manifest.go:127.36,129.3 1 2
github.com/mnemcik/consigliere/internal/share/manifest.go:131.2,132.16 2 4
github.com/mnemcik/consigliere/internal/share/manifest.go:132.16,134.3 1 0
github.com/mnemcik/consigliere/internal/share/manifest.go:135.2,135.15 1 4
github.com/mnemcik/consigliere/internal/share/manifest.go:135.15,135.40 1 4
github.com/mnemcik/consigliere/internal/share/manifest.go:136.2,137.146 2 4
github.com/mnemcik/consigliere/internal/share/manifest.go:137.146,139.3 1 0
github.com/mnemcik/consigliere/internal/share/manifest.go:140.2,140.87 1 4
github.com/mnemcik/consigliere/internal/share/manifest.go:140.87,142.3 1 0
github.com/mnemcik/consigliere/internal/share/manifest.go:143.2,144.16 2 4
github.com/mnemcik/consigliere/internal/share/manifest.go:144.16,146.3 1 0
github.com/mnemcik/consigliere/internal/share/manifest.go:147.2,148.57 2 4
github.com/mnemcik/consigliere/internal/share/manifest.go:148.57,150.3 1 0
github.com/mnemcik/consigliere/internal/share/manifest.go:151.2,151.9 1 4
github.com/mnemcik/consigliere/internal/share/manifest.go:152.21,153.125 1 1
github.com/mnemcik/consigliere/internal/share/manifest.go:154.35,155.158 1 1
github.com/mnemcik/consigliere/internal/share/manifest.go:157.2,157.16 1 2
github.com/mnemcik/consigliere/internal/share/publish.go:74.43,75.24 1 8
github.com/mnemcik/consigliere/internal/share/publish.go:75.24,77.3 1 1
github.com/mnemcik/consigliere/internal/share/publish.go:78.2,78.31 1 7
github.com/mnemcik/consigliere/internal/share/publish.go:78.31,79.14 1 8
github.com/mnemcik/consigliere/internal/share/publish.go:79.14,81.4 1 2
github.com/mnemcik/consigliere/internal/share/publish.go:83.2,83.14 1 5
github.com/mnemcik/consigliere/internal/share/publish.go:90.40,91.31 1 4
github.com/mnemcik/consigliere/internal/share/publish.go:91.31,92.35 1 4
github.com/mnemcik/consigliere/internal/share/publish.go:92.35,94.4 1 2
github.com/mnemcik/consigliere/internal/share/publish.go:96.2,96.14 1 2
github.com/mnemcik/consigliere/internal/share/publish.go:102.42,104.2 1 2
github.com/mnemcik/consigliere/internal/share/publish.go:107.31,108.17 1 28
github.com/mnemcik/consigliere/internal/share/publish.go:108.17,110.3 1 28
github.com/mnemcik/consigliere/internal/share/publish.go:115.95,116.39 1 29
github.com/mnemcik/consigliere/internal/share/publish.go:116.39,118.3 1 0
github.com/mnemcik/consigliere/internal/share/publish.go:119.2,119.38 1 29
github.com/mnemcik/consigliere/internal/share/publish.go:119.38,120.28 1 29
github.com/mnemcik/consigliere/internal/share/publish.go:120.28,122.4 1 1
github.com/mnemcik/consigliere/internal/share/publish.go:125.2,126.16 2 28
github.com/mnemcik/consigliere/internal/share/publish.go:126.16,128.3 1 0
github.com/mnemcik/consigliere/internal/share/publish.go:129.2,132.15 2 28
github.com/mnemcik/consigliere/internal/share/publish.go:132.15,133.17 1 28
github.com/mnemcik/consigliere/internal/share/publish.go:133.17,135.4 1 7
github.com/mnemcik/consigliere/internal/share/publish.go:137.2,140.16 3 28
github.com/mnemcik/consigliere/internal/share/publish.go:140.16,142.3 1 0
github.com/mnemcik/consigliere/internal/share/publish.go:143.2,143.88 1 28
github.com/mnemcik/consigliere/internal/share/publish.go:143.88,145.3 1 5
github.com/mnemcik/consigliere/internal/share/publish.go:146.2,146.18 1 23
github.com/mnemcik/consigliere/internal/share/publish.go:146.18,147.48 1 11
github.com/mnemcik/consigliere/internal/share/publish.go:147.48,149.4 1 2
github.com/mnemcik/consigliere/internal/share/publish.go:151.2,151.40 1 21
github.com/mnemcik/consigliere/internal/share/publish.go:151.40,153.3 1 0
github.com/mnemcik/consigliere/internal/share/publish.go:154.2,154.18 1 21
github.com/mnemcik/consigliere/internal/share/publish.go:162.116,165.16 3 28
github.com/mnemcik/consigliere/internal/share/publish.go:165.16,167.3 1 0
github.com/mnemcik/consigliere/internal/share/publish.go:168.2,168.49 1 28
github.com/mnemcik/consigliere/internal/share/publish.go:168.49,170.10 2 30
github.com/mnemcik/consigliere/internal/share/publish.go:170.10,171.12 1 13
github.com/mnemcik/consigliere/internal/share/publish.go:173.3,174.34 2 17
github.com/mnemcik/consigliere/internal/share/publish.go:174.34,176.4 1 14
github.com/mnemcik/consigliere/internal/share/publish.go:179.2,179.130 1 28
github.com/mnemcik/consigliere/internal/share/publish.go:179.130,181.3 1 0
github.com/mnemcik/consigliere/internal/share/publish.go:182.2,182.18 1 28
github.com/mnemcik/consigliere/internal/share/publish.go:182.18,183.111 1 14
github.com/mnemcik/consigliere/internal/share/publish.go:183.111,185.4 1 0
github.com/mnemcik/consigliere/internal/share/publish.go:186.3,186.25 1 14
github.com/mnemcik/consigliere/internal/share/publish.go:188.2,188.90 1 14
github.com/mnemcik/consigliere/internal/share/publish.go:188.90,190.3 1 0
github.com/mnemcik/consigliere/internal/share/publish.go:193.2,194.25 2 14
github.com/mnemcik/consigliere/internal/share/publish.go:203.103,204.25 1 28
github.com/mnemcik/consigliere/internal/share/publish.go:204.25,206.3 1 0
github.com/mnemcik/consigliere/internal/share/publish.go:207.2,207.107 1 28
github.com/mnemcik/consigliere/internal/share/publish.go:207.107,209.3 1 1
github.com/mnemcik/consigliere/internal/share/publish.go:210.2,210.27 1 27
github.com/mnemcik/consigliere/internal/share/publish.go:210.27,211.52 1 15
github.com/mnemcik/consigliere/internal/share/publish.go:211.52,213.4 1 3
github.com/mnemcik/consigliere/internal/share/publish.go:217.2,218.16 2 24
github.com/mnemcik/consigliere/internal/share/publish.go:218.16,220.3 1 0
github.com/mnemcik/consigliere/internal/share/publish.go:221.2,222.16 2 24
github.com/mnemcik/consigliere/internal/share/publish.go:222.16,224.3 1 1
github.com/mnemcik/consigliere/internal/share/publish.go:225.2,225.32 1 23
github.com/mnemcik/consigliere/internal/share/publish.go:225.32,226.20 1 23
github.com/mnemcik/consigliere/internal/share/publish.go:226.20,228.4 1 0
github.com/mnemcik/consigliere/internal/share/publish.go:230.2,230.12 1 23
github.com/mnemcik/consigliere/internal/share/publish.go:233.81,235.16 2 48
github.com/mnemcik/consigliere/internal/share/publish.go:235.16,237.3 1 1
github.com/mnemcik/consigliere/internal/share/publish.go:238.2,239.40 2 47
github.com/mnemcik/consigliere/internal/share/publish.go:239.40,241.3 1 35
github.com/mnemcik/consigliere/internal/share/publish.go:242.2,242.19 1 47
github.com/mnemcik/consigliere/internal/share/publish.go:247.63,248.81 1 11
github.com/mnemcik/consigliere/internal/share/publish.go:248.81,250.58 2 10
github.com/mnemcik/consigliere/internal/share/publish.go:250.58,252.4 1 0
github.com/mnemcik/consigliere/internal/share/publish.go:253.3,253.10 1 10
github.com/mnemcik/consigliere/internal/share/publish.go:254.22,255.101 1 0
github.com/mnemcik/consigliere/internal/share/publish.go:256.36,257.134 1 0
github.com/mnemcik/consigliere/internal/share/publish.go:258.33,259.128 1 1
github.com/mnemcik/consigliere/internal/share/publish.go:261.3,261.13 1 9
github.com/mnemcik/consigliere/internal/share/publish.go:264.2,265.16 2 10
github.com/mnemcik/consigliere/internal/share/publish.go:265.16,267.3 1 0
github.com/mnemcik/consigliere/internal/share/publish.go:268.2,268.43 1 10
github.com/mnemcik/consigliere/internal/share/publish.go:268.43,270.3 1 8
github.com/mnemcik/consigliere/internal/share/publish.go:271.2,271.18 1 2
github.com/mnemcik/consigliere/internal/share/publish.go:271.18,273.3 1 1
github.com/mnemcik/consigliere/internal/share/publish.go:276.2,277.16 2 1
github.com/mnemcik/consigliere/internal/share/publish.go:277.16,279.3 1 0
github.com/mnemcik/consigliere/internal/share/publish.go:280.2,281.12 2 1
github.com/mnemcik/consigliere/internal/share/publish.go:285.56,287.16 2 21
github.com/mnemcik/consigliere/internal/share/publish.go:287.16,289.3 1 0
github.com/mnemcik/consigliere/internal/share/publish.go:290.2,290.28 1 21
github.com/mnemcik/consigliere/internal/share/publish.go:290.28,291.25 1 47
github.com/mnemcik/consigliere/internal/share/publish.go:291.25,292.12 1 21
github.com/mnemcik/consigliere/internal/share/publish.go:294.3,294.70 1 26
github.com/mnemcik/consigliere/internal/share/publish.go:294.70,296.4 1 0
github.com/mnemcik/consigliere/internal/share/publish.go:299.2,305.40 3 21
github.com/mnemcik/consigliere/internal/share/publish.go:305.40,306.37 1 21
github.com/mnemcik/consigliere/internal/share/publish.go:306.37,308.4 1 44
github.com/mnemcik/consigliere/internal/share/publish.go:309.3,309.48 1 21
github.com/mnemcik/consigliere/internal/share/publish.go:311.2,312.16 2 21
github.com/mnemcik/consigliere/internal/share/publish.go:312.16,314.3 1 0
github.com/mnemcik/consigliere/internal/share/publish.go:315.2,317.48 3 21
github.com/mnemcik/consigliere/internal/share/publish.go:317.48,319.3 1 0
github.com/mnemcik/consigliere/internal/share/publish.go:322.2,322.72 1 21
github.com/mnemcik/consigliere/internal/share/publish.go:322.72,324.3 1 0
github.com/mnemcik/consigliere/internal/share/publish.go:325.2,326.16 2 21
github.com/mnemcik/consigliere/internal/share/publish.go:326.16,328.3 1 0
github.com/mnemcik/consigliere/internal/share/publish.go:329.2,329.31 1 21
github.com/mnemcik/consigliere/internal/share/publish.go:329.31,331.3 1 0
github.com/mnemcik/consigliere/internal/share/publish.go:332.2,332.27 1 21
github.com/mnemcik/consigliere/internal/share/publish.go:332.27,333.29 1 86
github.com/mnemcik/consigliere/internal/share/publish.go:333.29,335.4 1 0
github.com/mnemcik/consigliere/internal/share/publish.go:337.2,337.31 1 21
github.com/mnemcik/consigliere/internal/share/publish.go:341.71,345.16 2 21
github.com/mnemcik/consigliere/internal/share/publish.go:345.16,347.3 1 0
github.com/mnemcik/consigliere/internal/share/publish.go:348.2,351.34 3 21
github.com/mnemcik/consigliere/internal/share/publish.go:351.34,354.3 2 21
github.com/mnemcik/consigliere/internal/share/publish.go:355.2,355.53 1 21
github.com/mnemcik/consigliere/internal/share/publish.go:355.53,356.20 1 98
github.com/mnemcik/consigliere/internal/share/publish.go:356.20,357.12 1 21
github.com/mnemcik/consigliere/internal/share/publish.go:359.3,361.10 3 77
github.com/mnemcik/consigliere/internal/share/publish.go:361.10,362.12 1 38
github.com/mnemcik/consigliere/internal/share/publish.go:364.3,365.14 2 39
github.com/mnemcik/consigliere/internal/share/publish.go:365.14,366.12 1 2
github.com/mnemcik/consigliere/internal/share/publish.go:368.3,368.15 1 37
github.com/mnemcik/consigliere/internal/share/publish.go:369.18,370.35 1 30
github.com/mnemcik/consigliere/internal/share/publish.go:371.12,372.39 1 0
github.com/mnemcik/consigliere/internal/share/publish.go:373.11,374.39 1 7
github.com/mnemcik/consigliere/internal/share/publish.go:376.3,376.23 1 37
github.com/mnemcik/consigliere/internal/share/publish.go:378.2,378.18 1 21
github.com/mnemcik/consigliere/internal/share/publish.go:378.18,379.36 1 8
github.com/mnemcik/consigliere/internal/share/publish.go:379.36,380.41 1 8
github.com/mnemcik/consigliere/internal/share/publish.go:380.41,382.5 1 1
github.com/mnemcik/consigliere/internal/share/publish.go:384.3,384.26 1 8
github.com/mnemcik/consigliere/internal/share/publish.go:386.2,386.12 1 21
github.com/mnemcik/consigliere/internal/share/publish.go:389.48,392.2 2 8
github.com/mnemcik/consigliere/internal/share/publish.go:397.67,399.28 2 15
github.com/mnemcik/consigliere/internal/share/publish.go:399.28,401.3 1 14
github.com/mnemcik/consigliere/internal/share/publish.go:402.2,410.52 4 15
github.com/mnemcik/consigliere/internal/share/publish.go:410.52,412.3 1 0
github.com/mnemcik/consigliere/internal/share/publish.go:413.2,414.29 2 15
github.com/mnemcik/consigliere/internal/share/publish.go:414.29,416.3 1 15
github.com/mnemcik/consigliere/internal/share/publish.go:417.2,417.30 1 15
github.com/mnemcik/consigliere/internal/share/publish.go:417.30,419.3 1 15
github.com/mnemcik/consigliere/internal/share/publish.go:420.2,421.57 2 15
github.com/mnemcik/consigliere/internal/share/publish.go:421.57,423.3 1 0
github.com/mnemcik/consigliere/internal/share/publish.go:424.2,424.122 1 15
github.com/mnemcik/consigliere/internal/share/publish.go:424.122,426.3 1 0
github.com/mnemcik/consigliere/internal/share/publish.go:427.2,428.16 2 15
github.com/mnemcik/consigliere/internal/share/publish.go:428.16,430.3 1 0
github.com/mnemcik/consigliere/internal/share/publish.go:431.2,431.156 1 15
github.com/mnemcik/consigliere/internal/share/publish.go:431.156,433.127 2 1
github.com/mnemcik/consigliere/internal/share/publish.go:433.127,435.4 1 1
github.com/mnemcik/consigliere/internal/share/publish.go:436.3,436.69 1 0
github.com/mnemcik/consigliere/internal/share/publish.go:438.2,438.17 1 14
github.com/mnemcik/consigliere/internal/share/publish.go:443.38,445.28 2 21
github.com/mnemcik/consigliere/internal/share/publish.go:445.28,447.3 1 21
github.com/mnemcik/consigliere/internal/share/publish.go:448.2,454.26 6 21
github.com/mnemcik/consigliere/internal/share/publish.go:454.26,457.3 2 21
github.com/mnemcik/consigliere/internal/share/publish.go:458.2,458.19 1 21
github.com/mnemcik/consigliere/internal/share/publish.go:462.65,464.16 2 22
github.com/mnemcik/consigliere/internal/share/publish.go:464.16,466.3 1 0
github.com/mnemcik/consigliere/internal/share/publish.go:467.2,468.47 2 22
github.com/mnemcik/consigliere/internal/share/publish.go:468.47,469.14 1 109
github.com/mnemcik/consigliere/internal/share/publish.go:469.14,471.4 1 87
github.com/mnemcik/consigliere/internal/share/publish.go:473.2,473.19 1 22
github.com/mnemcik/consigliere/internal/share/scan.go:88.23,88.81 1 5
github.com/mnemcik/consigliere/internal/share/scan.go:139.64,141.38 2 143
github.com/mnemcik/consigliere/internal/share/scan.go:141.38,143.3 1 4
github.com/mnemcik/consigliere/internal/share/scan.go:144.2,145.37 2 143
github.com/mnemcik/consigliere/internal/share/scan.go:145.37,146.61 1 3
github.com/mnemcik/consigliere/internal/share/scan.go:146.61,148.4 1 2
github.com/mnemcik/consigliere/internal/share/scan.go:151.2,152.32 2 143
github.com/mnemcik/consigliere/internal/share/scan.go:152.32,154.30 2 181
github.com/mnemcik/consigliere/internal/share/scan.go:154.30,156.36 2 1058
github.com/mnemcik/consigliere/internal/share/scan.go:156.36,157.69 1 75
github.com/mnemcik/consigliere/internal/share/scan.go:157.69,159.6 1 1
github.com/mnemcik/consigliere/internal/share/scan.go:160.5,160.100 1 74
github.com/mnemcik/consigliere/internal/share/scan.go:162.4,162.29 1 1058
github.com/mnemcik/consigliere/internal/share/scan.go:165.2,165.49 1 143
github.com/mnemcik/consigliere/internal/share/scan.go:165.49,167.10 2 3
github.com/mnemcik/consigliere/internal/share/scan.go:168.27,169.28 1 2
github.com/mnemcik/consigliere/internal/share/scan.go:170.27,171.28 1 0
github.com/mnemcik/consigliere/internal/share/scan.go:172.27,173.28 1 1
github.com/mnemcik/consigliere/internal/share/scan.go:175.3,175.29 1 0
github.com/mnemcik/consigliere/internal/share/scan.go:177.2,177.17 1 143
github.com/mnemcik/consigliere/internal/share/scan.go:180.73,184.33 2 1058
github.com/mnemcik/consigliere/internal/share/scan.go:184.33,185.65 1 12696
github.com/mnemcik/consigliere/internal/share/scan.go:185.65,187.44 2 55
github.com/mnemcik/consigliere/internal/share/scan.go:187.44,188.13 1 3
github.com/mnemcik/consigliere/internal/share/scan.go:190.4,191.43 2 52
github.com/mnemcik/consigliere/internal/share/scan.go:191.43,192.13 1 5
github.com/mnemcik/consigliere/internal/share/scan.go:194.4,195.36 2 47
github.com/mnemcik/consigliere/internal/share/scan.go:198.2,198.72 1 1058
github.com/mnemcik/consigliere/internal/share/scan.go:198.72,200.23 2 338
github.com/mnemcik/consigliere/internal/share/scan.go:200.23,201.12 1 304
github.com/mnemcik/consigliere/internal/share/scan.go:203.3,204.46 2 34
github.com/mnemcik/consigliere/internal/share/scan.go:204.46,205.12 1 5
github.com/mnemcik/consigliere/internal/share/scan.go:207.3,207.56 1 29
github.com/mnemcik/consigliere/internal/share/scan.go:207.56,210.4 2 22
github.com/mnemcik/consigliere/internal/share/scan.go:212.2,212.65 1 1058
github.com/mnemcik/consigliere/internal/share/scan.go:212.65,214.91 1 4
github.com/mnemcik/consigliere/internal/share/scan.go:214.91,215.12 1 1
github.com/mnemcik/consigliere/internal/share/scan.go:217.3,217.44 1 3
github.com/mnemcik/consigliere/internal/share/scan.go:219.2,219.46 1 1058
github.com/mnemcik/consigliere/internal/share/scan.go:219.46,221.3 1 1
github.com/mnemcik/consigliere/internal/share/scan.go:222.2,223.28 2 1058
github.com/mnemcik/consigliere/internal/share/scan.go:223.28,224.36 1 6
github.com/mnemcik/consigliere/internal/share/scan.go:224.36,226.4 1 2
github.com/mnemcik/consigliere/internal/share/scan.go:233.65,235.26 2 34
github.com/mnemcik/consigliere/internal/share/scan.go:235.26,237.3 1 23
github.com/mnemcik/consigliere/internal/share/scan.go:238.2,239.13 2 34
github.com/mnemcik/consigliere/internal/share/scan.go:239.13,241.3 1 30
github.com/mnemcik/consigliere/internal/share/scan.go:242.2,242.27 1 4
github.com/mnemcik/consigliere/internal/share/scan.go:257.38,259.66 2 354
github.com/mnemcik/consigliere/internal/share/scan.go:259.66,259.97 1 2761
github.com/mnemcik/consigliere/internal/share/scan.go:259.99,260.53 1 395
github.com/mnemcik/consigliere/internal/share/scan.go:260.53,262.4 1 411
github.com/mnemcik/consigliere/internal/share/scan.go:264.2,265.25 2 354
github.com/mnemcik/consigliere/internal/share/scan.go:265.25,266.10 1 411
github.com/mnemcik/consigliere/internal/share/scan.go:267.142,268.23 1 14
github.com/mnemcik/consigliere/internal/share/scan.go:270.47,271.21 1 22
github.com/mnemcik/consigliere/internal/share/scan.go:272.59,273.18 1 9
github.com/mnemcik/consigliere/internal/share/scan.go:276.2,276.13 1 340
github.com/mnemcik/consigliere/internal/share/scan.go:281.50,282.14 1 29
github.com/mnemcik/consigliere/internal/share/scan.go:283.20,284.30 1 11
github.com/mnemcik/consigliere/internal/share/scan.go:285.27,287.88 1 18
github.com/mnemcik/consigliere/internal/share/scan.go:287.88,289.4 1 2
github.com/mnemcik/consigliere/internal/share/scan.go:290.3,290.28 1 16
github.com/mnemcik/consigliere/internal/share/scan.go:292.2,292.14 1 0
github.com/mnemcik/consigliere/internal/share/scan.go:295.48,296.26 1 87
github.com/mnemcik/consigliere/internal/share/scan.go:296.26,297.29 1 6
github.com/mnemcik/consigliere/internal/share/scan.go:297.29,299.4 1 6
github.com/mnemcik/consigliere/internal/share/scan.go:301.2,301.14 1 81
github.com/mnemcik/consigliere/internal/share/scan.go:307.35,308.9 1 31
github.com/mnemcik/consigliere/internal/share/scan.go:312.27,313.14 1 0
github.com/mnemcik/consigliere/internal/share/scan.go:315.2,315.14 1 31
github.com/mnemcik/consigliere/internal/share/scan.go:321.45,322.22 1 39
github.com/mnemcik/consigliere/internal/share/scan.go:322.22,323.10 1 646
github.com/mnemcik/consigliere/internal/share/scan.go:324.29,325.16 1 150
github.com/mnemcik/consigliere/internal/share/scan.go:326.57,327.17 1 463
github.com/mnemcik/consigliere/internal/share/scan.go:330.2,330.22 1 39
github.com/mnemcik/consigliere/internal/share/scan.go:337.35,340.2 2 23
github.com/mnemcik/consigliere/internal/share/scan.go:347.33,349.58 2 16
github.com/mnemcik/consigliere/internal/share/scan.go:349.58,351.3 1 2
github.com/mnemcik/consigliere/internal/share/scan.go:352.2,352.26 1 14
github.com/mnemcik/consigliere/internal/share/scan.go:352.26,356.3 1 3
github.com/mnemcik/consigliere/internal/share/scan.go:357.2,357.69 1 11
github.com/mnemcik/consigliere/internal/share/scan.go:361.39,364.2 2 1
github.com/mnemcik/consigliere/internal/share/scan.go:367.32,370.22 3 14
github.com/mnemcik/consigliere/internal/share/scan.go:370.22,373.3 2 306
github.com/mnemcik/consigliere/internal/share/scan.go:374.2,375.27 2 14
github.com/mnemcik/consigliere/internal/share/scan.go:375.27,378.3 2 260
github.com/mnemcik/consigliere/internal/share/scan.go:379.2,379.10 1 14
github.com/mnemcik/consigliere/internal/share/scan.go:388.38,390.14 2 70
github.com/mnemcik/consigliere/internal/share/scan.go:391.18,392.17 1 17
github.com/mnemcik/consigliere/internal/share/scan.go:392.17,394.4 1 17
github.com/mnemcik/consigliere/internal/share/scan.go:395.3,395.37 1 0
github.com/mnemcik/consigliere/internal/share/scan.go:396.22,397.51 1 32
github.com/mnemcik/consigliere/internal/share/scan.go:399.2,399.23 1 21
github.com/mnemcik/consigliere/internal/share/scan.go:399.23,401.3 1 1
github.com/mnemcik/consigliere/internal/share/scan.go:402.2,402.10 1 20
github.com/mnemcik/consigliere/internal/share/scan.go:407.35,410.2 2 1058
github.com/mnemcik/consigliere/internal/share/share.go:51.33,53.2 1 135
github.com/mnemcik/consigliere/internal/share/share.go:88.51,89.27 1 61
github.com/mnemcik/consigliere/internal/share/share.go:89.27,91.3 1 0
github.com/mnemcik/consigliere/internal/share/share.go:92.2,92.71 1 61
github.com/mnemcik/consigliere/internal/share/share.go:92.71,94.3 1 1
github.com/mnemcik/consigliere/internal/share/share.go:96.2,98.29 3 60
github.com/mnemcik/consigliere/internal/share/share.go:98.29,100.3 1 122
github.com/mnemcik/consigliere/internal/share/share.go:101.2,104.29 3 60
github.com/mnemcik/consigliere/internal/share/share.go:104.29,105.21 1 121
github.com/mnemcik/consigliere/internal/share/share.go:105.21,107.4 1 1
github.com/mnemcik/consigliere/internal/share/share.go:108.3,109.17 2 120
github.com/mnemcik/consigliere/internal/share/share.go:109.17,111.4 1 5
github.com/mnemcik/consigliere/internal/share/share.go:112.3,112.39 1 115
github.com/mnemcik/consigliere/internal/share/share.go:114.2,114.17 1 54
github.com/mnemcik/consigliere/internal/share/share.go:117.84,120.16 3 120
github.com/mnemcik/consigliere/internal/share/share.go:120.16,122.3 1 3
github.com/mnemcik/consigliere/internal/share/share.go:123.2,123.24 1 117
github.com/mnemcik/consigliere/internal/share/share.go:123.24,125.3 1 59
github.com/mnemcik/consigliere/internal/share/share.go:126.2,130.16 4 117
github.com/mnemcik/consigliere/internal/share/share.go:130.16,132.3 1 2
github.com/mnemcik/consigliere/internal/share/share.go:133.2,133.37 1 115
github.com/mnemcik/consigliere/internal/share/share.go:139.52,141.33 2 60
github.com/mnemcik/consigliere/internal/share/share.go:141.33,143.3 1 2
github.com/mnemcik/consigliere/internal/share/share.go:144.2,144.29 1 60
github.com/mnemcik/consigliere/internal/share/share.go:144.29,146.3 1 122
github.com/mnemcik/consigliere/internal/share/share.go:147.2,147.16 1 60
github.com/mnemcik/consigliere/internal/share/share.go:150.29,156.2 1 115
github.com/mnemcik/consigliere/internal/share/share.go:158.34,159.19 1 115
github.com/mnemcik/consigliere/internal/share/share.go:159.19,161.3 1 115
github.com/mnemcik/consigliere/internal/share/share.go:162.2,162.12 1 0
github.com/mnemcik/consigliere/internal/share/transform.go:12.43,14.67 2 120
github.com/mnemcik/consigliere/internal/share/transform.go:14.67,16.3 1 99
github.com/mnemcik/consigliere/internal/share/transform.go:17.2,17.34 1 21
github.com/mnemcik/consigliere/internal/share/transform.go:17.34,18.49 1 84
github.com/mnemcik/consigliere/internal/share/transform.go:18.49,20.58 2 21
github.com/mnemcik/consigliere/internal/share/transform.go:20.58,22.5 1 21
github.com/mnemcik/consigliere/internal/share/transform.go:23.4,23.35 1 21
github.com/mnemcik/consigliere/internal/share/transform.go:26.2,26.13 1 0
github.com/mnemcik/consigliere/internal/share/transform.go:33.51,37.29 4 120
github.com/mnemcik/consigliere/internal/share/transform.go:37.29,38.34 1 1150
github.com/mnemcik/consigliere/internal/share/transform.go:39.21,40.21 1 24
github.com/mnemcik/consigliere/internal/share/transform.go:40.21,42.5 1 1
github.com/mnemcik/consigliere/internal/share/transform.go:43.4,44.12 2 23
github.com/mnemcik/consigliere/internal/share/transform.go:45.19,46.21 1 22
github.com/mnemcik/consigliere/internal/share/transform.go:46.21,48.5 1 1
github.com/mnemcik/consigliere/internal/share/transform.go:49.4,50.12 2 21
github.com/mnemcik/consigliere/internal/share/transform.go:52.3,52.20 1 1104
github.com/mnemcik/consigliere/internal/share/transform.go:52.20,54.4 1 1081
github.com/mnemcik/consigliere/internal/share/transform.go:56.2,56.19 1 118
github.com/mnemcik/consigliere/internal/share/transform.go:56.19,58.3 1 1
github.com/mnemcik/consigliere/internal/share/transform.go:59.2,59.38 1 117
github.com/mnemcik/consigliere/internal/share/transform.go:72.49,75.29 3 59
github.com/mnemcik/consigliere/internal/share/transform.go:75.29,76.16 1 543
github.com/mnemcik/consigliere/internal/share/transform.go:76.16,77.44 1 178
github.com/mnemcik/consigliere/internal/share/transform.go:77.44,79.5 1 58
github.com/mnemcik/consigliere/internal/share/transform.go:80.4,80.12 1 178
github.com/mnemcik/consigliere/internal/share/transform.go:82.3,82.37 1 365
github.com/mnemcik/consigliere/internal/share/transform.go:82.37,84.9 2 22
github.com/mnemcik/consigliere/internal/share/transform.go:88.2,89.16 2 59
github.com/mnemcik/consigliere/internal/share/transform.go:89.16,90.45 1 58
github.com/mnemcik/consigliere/internal/share/transform.go:90.45,91.59 1 343
github.com/mnemcik/consigliere/internal/share/transform.go:91.59,93.5 1 185
github.com/mnemcik/consigliere/internal/share/transform.go:97.2,98.20 2 59
github.com/mnemcik/consigliere/internal/share/transform.go:98.20,100.3 1 59
github.com/mnemcik/consigliere/internal/share/transform.go:101.2,101.22 1 59
github.com/mnemcik/consigliere/internal/share/transform.go:101.22,103.29 2 59
github.com/mnemcik/consigliere/internal/share/transform.go:103.29,105.4 1 59
github.com/mnemcik/consigliere/internal/share/transform.go:106.3,106.68 1 59
github.com/mnemcik/consigliere/internal/share/transform.go:108.2,108.37 1 59
github.com/mnemcik/consigliere/internal/share/transform.go:108.37,110.69 2 177
github.com/mnemcik/consigliere/internal/share/transform.go:110.69,111.12 1 97
github.com/mnemcik/consigliere/internal/share/transform.go:113.3,113.45 1 80
github.com/mnemcik/consigliere/internal/share/transform.go:115.2,117.15 2 59
github.com/mnemcik/consigliere/internal/share/transform.go:117.15,119.3 1 1
github.com/mnemcik/consigliere/internal/share/transform.go:120.2,124.32 5 58
github.com/mnemcik/consigliere/internal/share/transform.go:128.53,130.29 2 1
github.com/mnemcik/consigliere/internal/share/transform.go:130.29,131.36 1 1
github.com/mnemcik/consigliere/internal/share/transform.go:131.36,133.9 2 1
github.com/mnemcik/consigliere/internal/share/transform.go:136.2,138.12 3 1
github.com/mnemcik/consigliere/internal/share/transform.go:138.12,140.3 1 1
github.com/mnemcik/consigliere/internal/share/transform.go:141.2,143.32 3 1
github.com/mnemcik/consigliere/internal/share/transform.go:148.41,150.26 2 22
github.com/mnemcik/consigliere/internal/share/transform.go:150.26,151.24 1 21
github.com/mnemcik/consigliere/internal/share/transform.go:151.24,153.4 1 21
github.com/mnemcik/consigliere/internal/share/transform.go:155.2,155.71 1 1
github.com/mnemcik/consigliere/cmd/active.go:20.13,25.2 4 1
github.com/mnemcik/consigliere/cmd/active.go:57.54,59.31 2 5
github.com/mnemcik/consigliere/cmd/active.go:59.31,61.3 1 0
github.com/mnemcik/consigliere/cmd/active.go:63.2,65.16 3 5
github.com/mnemcik/consigliere/cmd/active.go:65.16,67.3 1 0
github.com/mnemcik/consigliere/cmd/active.go:68.2,78.16 4 5
github.com/mnemcik/consigliere/cmd/active.go:78.16,80.3 1 0
github.com/mnemcik/consigliere/cmd/active.go:82.2,83.9 2 5
github.com/mnemcik/consigliere/cmd/active.go:84.18,94.30 3 0
github.com/mnemcik/consigliere/cmd/active.go:94.30,96.4 1 0
github.com/mnemcik/consigliere/cmd/active.go:97.3,98.18 2 0
github.com/mnemcik/consigliere/cmd/active.go:98.18,100.4 1 0
github.com/mnemcik/consigliere/cmd/active.go:101.3,101.41 1 0
github.com/mnemcik/consigliere/cmd/active.go:102.19,104.30 2 4
github.com/mnemcik/consigliere/cmd/active.go:104.30,105.56 1 4
github.com/mnemcik/consigliere/cmd/active.go:105.56,108.5 2 1
github.com/mnemcik/consigliere/cmd/active.go:110.10,111.30 1 1
github.com/mnemcik/consigliere/cmd/active.go:111.30,114.4 1 1
github.com/mnemcik/consigliere/cmd/active.go:116.2,116.12 1 5
github.com/mnemcik/consigliere/cmd/colors.go:12.13,15.2 2 1
github.com/mnemcik/consigliere/cmd/colors.go:33.59,37.16 3 0
github.com/mnemcik/consigliere/cmd/colors.go:37.16,39.3 1 0
github.com/mnemcik/consigliere/cmd/colors.go:40.2,41.16 2 0
github.com/mnemcik/consigliere/cmd/colors.go:41.16,43.3 1 0
github.com/mnemcik/consigliere/cmd/colors.go:45.2,46.35 2 0
github.com/mnemcik/consigliere/cmd/colors.go:46.35,48.29 2 0
github.com/mnemcik/consigliere/cmd/colors.go:48.29,50.4 1 0
github.com/mnemcik/consigliere/cmd/colors.go:51.3,51.27 1 0
github.com/mnemcik/consigliere/cmd/colors.go:54.2,55.33 2 0
github.com/mnemcik/consigliere/cmd/colors.go:55.33,57.3 1 0
github.com/mnemcik/consigliere/cmd/colors.go:58.2,58.26 1 0
github.com/mnemcik/consigliere/cmd/colors.go:58.26,60.33 2 0
github.com/mnemcik/consigliere/cmd/colors.go:60.33,62.4 1 0
github.com/mnemcik/consigliere/cmd/colors.go:64.2,67.29 2 0
github.com/mnemcik/consigliere/cmd/colors.go:67.29,70.3 1 0
github.com/mnemcik/consigliere/cmd/colors.go:71.2,71.12 1 0
github.com/mnemcik/consigliere/cmd/extension.go:26.13,36.2 6 1
github.com/mnemcik/consigliere/cmd/extension.go:82.61,85.23 3 25
github.com/mnemcik/consigliere/cmd/extension.go:85.23,87.3 1 0
github.com/mnemcik/consigliere/cmd/extension.go:89.2,90.16 2 25
github.com/mnemcik/consigliere/cmd/extension.go:90.16,92.3 1 1
github.com/mnemcik/consigliere/cmd/extension.go:99.2,100.31 2 24
github.com/mnemcik/consigliere/cmd/extension.go:100.31,101.27 1 7
github.com/mnemcik/consigliere/cmd/extension.go:101.27,104.4 1 1
github.com/mnemcik/consigliere/cmd/extension.go:105.3,106.10 2 6
github.com/mnemcik/consigliere/cmd/extension.go:106.10,110.4 1 1
github.com/mnemcik/consigliere/cmd/extension.go:111.3,112.18 2 5
github.com/mnemcik/consigliere/cmd/extension.go:112.18,114.4 1 2
github.com/mnemcik/consigliere/cmd/extension.go:115.3,115.92 1 3
github.com/mnemcik/consigliere/cmd/extension.go:117.2,118.16 2 20
github.com/mnemcik/consigliere/cmd/extension.go:118.16,120.3 1 1
github.com/mnemcik/consigliere/cmd/extension.go:122.2,123.16 2 19
github.com/mnemcik/consigliere/cmd/extension.go:123.16,125.3 1 1
github.com/mnemcik/consigliere/cmd/extension.go:126.2,126.68 1 18
github.com/mnemcik/consigliere/cmd/extension.go:126.68,128.3 1 0
github.com/mnemcik/consigliere/cmd/extension.go:129.2,138.39 2 18
github.com/mnemcik/consigliere/cmd/extension.go:138.39,140.3 1 0
github.com/mnemcik/consigliere/cmd/extension.go:142.2,143.12 2 18
github.com/mnemcik/consigliere/cmd/extension.go:151.69,153.16 2 23
github.com/mnemcik/consigliere/cmd/extension.go:153.16,155.3 1 0
github.com/mnemcik/consigliere/cmd/extension.go:156.2,157.16 2 23
github.com/mnemcik/consigliere/cmd/extension.go:157.16,159.3 1 0
github.com/mnemcik/consigliere/cmd/extension.go:160.2,160.66 1 23
github.com/mnemcik/consigliere/cmd/extension.go:160.66,161.59 1 1
github.com/mnemcik/consigliere/cmd/extension.go:161.59,163.4 1 0
github.com/mnemcik/consigliere/cmd/extension.go:165.2,165.42 1 23
github.com/mnemcik/consigliere/cmd/extension.go:165.42,167.3 1 0
github.com/mnemcik/consigliere/cmd/extension.go:168.2,168.12 1 23
github.com/mnemcik/consigliere/cmd/extension.go:175.115,177.25 2 9
github.com/mnemcik/consigliere/cmd/extension.go:177.25,178.64 1 1
github.com/mnemcik/consigliere/cmd/extension.go:178.64,179.12 1 0
github.com/mnemcik/consigliere/cmd/extension.go:181.3,181.24 1 1
github.com/mnemcik/consigliere/cmd/extension.go:181.24,183.4 1 0
github.com/mnemcik/consigliere/cmd/extension.go:184.3,185.18 2 1
github.com/mnemcik/consigliere/cmd/extension.go:185.18,187.4 1 0
github.com/mnemcik/consigliere/cmd/extension.go:188.3,189.17 2 1
github.com/mnemcik/consigliere/cmd/extension.go:189.17,191.4 1 0
github.com/mnemcik/consigliere/cmd/extension.go:192.3,192.69 1 1
github.com/mnemcik/consigliere/cmd/extension.go:192.69,194.4 1 0
github.com/mnemcik/consigliere/cmd/extension.go:195.3,195.89 1 1
github.com/mnemcik/consigliere/cmd/extension.go:197.2,197.18 1 9
github.com/mnemcik/consigliere/cmd/extension.go:206.100,208.46 2 20
github.com/mnemcik/consigliere/cmd/extension.go:208.46,210.3 1 0
github.com/mnemcik/consigliere/cmd/extension.go:211.2,211.66 1 20
github.com/mnemcik/consigliere/cmd/extension.go:211.66,213.3 1 0
github.com/mnemcik/consigliere/cmd/extension.go:215.2,215.15 1 20
github.com/mnemcik/consigliere/cmd/extension.go:215.15,215.44 1 20
github.com/mnemcik/consigliere/cmd/extension.go:217.2,217.60 1 20
github.com/mnemcik/consigliere/cmd/extension.go:217.60,219.3 1 0
github.com/mnemcik/consigliere/cmd/extension.go:220.2,221.16 2 20
github.com/mnemcik/consigliere/cmd/extension.go:221.16,223.3 1 0
github.com/mnemcik/consigliere/cmd/extension.go:224.2,224.37 1 20
github.com/mnemcik/consigliere/cmd/extension.go:224.37,226.3 1 1
github.com/mnemcik/consigliere/cmd/extension.go:228.2,229.43 2 19
github.com/mnemcik/consigliere/cmd/extension.go:229.43,231.3 1 0
github.com/mnemcik/consigliere/cmd/extension.go:232.2,232.49 1 19
github.com/mnemcik/consigliere/cmd/extension.go:232.49,234.3 1 0
github.com/mnemcik/consigliere/cmd/extension.go:235.2,235.21 1 19
github.com/mnemcik/consigliere/cmd/extension.go:241.121,243.9 2 5
github.com/mnemcik/consigliere/cmd/extension.go:243.9,246.3 1 1
github.com/mnemcik/consigliere/cmd/extension.go:247.2,248.16 2 4
github.com/mnemcik/consigliere/cmd/extension.go:248.16,250.3 1 0
github.com/mnemcik/consigliere/cmd/extension.go:251.2,252.9 2 4
github.com/mnemcik/consigliere/cmd/extension.go:252.9,255.3 1 1
github.com/mnemcik/consigliere/cmd/extension.go:256.2,256.19 1 3
github.com/mnemcik/consigliere/cmd/extension.go:267.73,268.45 1 9
github.com/mnemcik/consigliere/cmd/extension.go:268.45,269.88 1 5
github.com/mnemcik/consigliere/cmd/extension.go:269.88,271.4 1 4
github.com/mnemcik/consigliere/cmd/extension.go:272.3,272.44 1 1
github.com/mnemcik/consigliere/cmd/extension.go:274.2,274.16 1 4
github.com/mnemcik/consigliere/cmd/extension.go:274.16,275.75 1 4
github.com/mnemcik/consigliere/cmd/extension.go:275.75,277.4 1 2
github.com/mnemcik/consigliere/cmd/extension.go:279.2,279.18 1 2
github.com/mnemcik/consigliere/cmd/extension.go:284.54,287.16 3 2
github.com/mnemcik/consigliere/cmd/extension.go:287.16,288.33 1 2
github.com/mnemcik/consigliere/cmd/extension.go:288.33,289.16 1 0
github.com/mnemcik/consigliere/cmd/extension.go:289.16,292.5 2 0
github.com/mnemcik/consigliere/cmd/extension.go:295.2,296.36 2 2
github.com/mnemcik/consigliere/cmd/extension.go:299.55,302.16 3 3
github.com/mnemcik/consigliere/cmd/extension.go:302.16,304.3 1 0
github.com/mnemcik/consigliere/cmd/extension.go:305.2,306.16 2 3
github.com/mnemcik/consigliere/cmd/extension.go:306.16,308.3 1 0
github.com/mnemcik/consigliere/cmd/extension.go:309.2,310.16 2 3
github.com/mnemcik/consigliere/cmd/extension.go:310.16,312.3 1 3
github.com/mnemcik/consigliere/cmd/extension.go:313.2,315.17 2 3
github.com/mnemcik/consigliere/cmd/extension.go:315.17,316.18 1 1
github.com/mnemcik/consigliere/cmd/extension.go:316.18,318.4 1 0
github.com/mnemcik/consigliere/cmd/extension.go:319.3,321.26 3 1
github.com/mnemcik/consigliere/cmd/extension.go:324.2,324.20 1 2
github.com/mnemcik/consigliere/cmd/extension.go:324.20,327.3 2 1
github.com/mnemcik/consigliere/cmd/extension.go:328.2,329.25 2 1
github.com/mnemcik/consigliere/cmd/extension.go:329.25,333.23 2 1
github.com/mnemcik/consigliere/cmd/extension.go:333.23,335.4 1 0
github.com/mnemcik/consigliere/cmd/extension.go:336.3,336.84 1 1
github.com/mnemcik/consigliere/cmd/extension.go:338.2,338.12 1 1
github.com/mnemcik/consigliere/cmd/extension.go:343.41,344.9 1 24
github.com/mnemcik/consigliere/cmd/extension.go:350.31,351.14 1 17
github.com/mnemcik/consigliere/cmd/extension.go:354.2,354.57 1 7
github.com/mnemcik/consigliere/cmd/extension.go:354.57,356.3 1 0
github.com/mnemcik/consigliere/cmd/extension.go:357.2,357.14 1 7
github.com/mnemcik/consigliere/cmd/extension.go:362.78,364.16 2 34
github.com/mnemcik/consigliere/cmd/extension.go:364.16,366.3 1 1
github.com/mnemcik/consigliere/cmd/extension.go:367.2,368.16 2 33
github.com/mnemcik/consigliere/cmd/extension.go:368.16,370.3 1 0
github.com/mnemcik/consigliere/cmd/extension.go:371.2,371.16 1 33
github.com/mnemcik/consigliere/cmd/extension.go:371.16,373.3 1 0
github.com/mnemcik/consigliere/cmd/extension.go:374.2,374.23 1 33
github.com/mnemcik/consigliere/cmd/extension.go:377.112,380.20 3 18
github.com/mnemcik/consigliere/cmd/extension.go:380.20,382.3 1 3
github.com/mnemcik/consigliere/cmd/extension.go:382.8,384.3 1 15
github.com/mnemcik/consigliere/cmd/extension.go:385.2,385.16 1 18
github.com/mnemcik/consigliere/cmd/extension.go:385.16,387.3 1 7
github.com/mnemcik/consigliere/cmd/extension.go:388.2,392.35 4 18
github.com/mnemcik/consigliere/cmd/extension.go:392.35,393.12 1 90
github.com/mnemcik/consigliere/cmd/extension.go:393.12,395.4 1 39
github.com/mnemcik/consigliere/cmd/extension.go:397.2,402.24 6 18
github.com/mnemcik/consigliere/cmd/extension.go:402.24,405.3 2 0
github.com/mnemcik/consigliere/cmd/extension.go:406.2,406.74 1 18
github.com/mnemcik/consigliere/cmd/extension.go:409.60,414.16 4 5
github.com/mnemcik/consigliere/cmd/extension.go:414.16,416.3 1 0
github.com/mnemcik/consigliere/cmd/extension.go:417.2,417.44 1 5
github.com/mnemcik/consigliere/cmd/extension.go:417.44,419.3 1 1
github.com/mnemcik/consigliere/cmd/extension.go:423.2,424.16 2 4
github.com/mnemcik/consigliere/cmd/extension.go:424.16,426.3 1 0
github.com/mnemcik/consigliere/cmd/extension.go:427.2,427.19 1 4
github.com/mnemcik/consigliere/cmd/extension.go:427.19,428.59 1 4
github.com/mnemcik/consigliere/cmd/extension.go:428.59,430.4 1 0
github.com/mnemcik/consigliere/cmd/extension.go:431.3,431.98 1 4
github.com/mnemcik/consigliere/cmd/extension.go:431.98,433.4 1 0
github.com/mnemcik/consigliere/cmd/extension.go:436.2,437.39 2 4
github.com/mnemcik/consigliere/cmd/extension.go:437.39,439.3 1 0
github.com/mnemcik/consigliere/cmd/extension.go:441.2,444.20 4 4
github.com/mnemcik/consigliere/cmd/extension.go:444.20,445.45 1 2
github.com/mnemcik/consigliere/cmd/extension.go:445.45,447.4 1 0
github.com/mnemcik/consigliere/cmd/extension.go:448.3,448.64 1 2
github.com/mnemcik/consigliere/cmd/extension.go:449.8,451.3 1 2
github.com/mnemcik/consigliere/cmd/extension.go:452.2,452.12 1 4
github.com/mnemcik/consigliere/cmd/extension.go:455.60,457.23 2 4
github.com/mnemcik/consigliere/cmd/extension.go:457.23,459.3 1 0
github.com/mnemcik/consigliere/cmd/extension.go:460.2,461.16 2 4
github.com/mnemcik/consigliere/cmd/extension.go:461.16,463.3 1 0
github.com/mnemcik/consigliere/cmd/extension.go:465.2,466.20 2 4
github.com/mnemcik/consigliere/cmd/extension.go:466.20,468.10 2 3
github.com/mnemcik/consigliere/cmd/extension.go:468.10,470.4 1 0
github.com/mnemcik/consigliere/cmd/extension.go:471.3,471.43 1 3
github.com/mnemcik/consigliere/cmd/extension.go:472.8,474.3 1 1
github.com/mnemcik/consigliere/cmd/extension.go:475.2,475.23 1 4
github.com/mnemcik/consigliere/cmd/extension.go:475.23,478.3 2 0
github.com/mnemcik/consigliere/cmd/extension.go:480.2,481.25 2 4
github.com/mnemcik/consigliere/cmd/extension.go:481.25,484.17 3 4
github.com/mnemcik/consigliere/cmd/extension.go:484.17,486.4 1 0
github.com/mnemcik/consigliere/cmd/extension.go:487.3,492.40 4 4
github.com/mnemcik/consigliere/cmd/extension.go:492.40,494.4 1 0
github.com/mnemcik/consigliere/cmd/extension.go:495.3,495.20 1 4
github.com/mnemcik/consigliere/cmd/extension.go:495.20,497.4 1 0
github.com/mnemcik/consigliere/cmd/extension.go:497.9,499.4 1 4
github.com/mnemcik/consigliere/cmd/extension.go:501.2,501.12 1 4
github.com/mnemcik/consigliere/cmd/extension.go:515.78,517.42 2 4
github.com/mnemcik/consigliere/cmd/extension.go:517.42,520.3 1 0
github.com/mnemcik/consigliere/cmd/extension.go:521.2,521.67 1 4
github.com/mnemcik/consigliere/cmd/extension.go:521.67,523.3 1 0
github.com/mnemcik/consigliere/cmd/extension.go:524.2,524.64 1 4
github.com/mnemcik/consigliere/cmd/extension.go:524.64,525.56 1 2
github.com/mnemcik/consigliere/cmd/extension.go:525.56,527.4 1 0
github.com/mnemcik/consigliere/cmd/extension.go:528.8,530.55 2 2
github.com/mnemcik/consigliere/cmd/extension.go:530.55,532.4 1 0
github.com/mnemcik/consigliere/cmd/extension.go:533.3,533.68 1 2
github.com/mnemcik/consigliere/cmd/extension.go:533.68,535.4 1 0
github.com/mnemcik/consigliere/cmd/extension.go:537.2,539.16 3 4
github.com/mnemcik/consigliere/cmd/extension.go:539.16,541.3 1 0
github.com/mnemcik/consigliere/cmd/extension.go:542.2,542.37 1 4
github.com/mnemcik/consigliere/cmd/extension.go:542.37,544.3 1 0
github.com/mnemcik/consigliere/cmd/extension.go:547.2,547.54 1 4
github.com/mnemcik/consigliere/cmd/extension.go:547.54,549.3 1 0
github.com/mnemcik/consigliere/cmd/extension.go:550.2,550.23 1 4
github.com/mnemcik/consigliere/cmd/extension.go:554.88,555.32 1 8
github.com/mnemcik/consigliere/cmd/extension.go:555.32,556.37 1 7
github.com/mnemcik/consigliere/cmd/extension.go:556.37,558.4 1 7
github.com/mnemcik/consigliere/cmd/extension.go:560.2,560.19 1 1
github.com/mnemcik/consigliere/cmd/external.go:23.76,28.25 2 6
github.com/mnemcik/consigliere/cmd/external.go:28.25,29.29 1 6
github.com/mnemcik/consigliere/cmd/external.go:29.29,31.9 2 4
github.com/mnemcik/consigliere/cmd/external.go:34.2,34.17 1 6
github.com/mnemcik/consigliere/cmd/external.go:34.17,36.3 1 2
github.com/mnemcik/consigliere/cmd/external.go:37.2,38.68 2 4
github.com/mnemcik/consigliere/cmd/external.go:38.68,40.3 1 1
github.com/mnemcik/consigliere/cmd/external.go:43.2,43.85 1 3
github.com/mnemcik/consigliere/cmd/external.go:43.85,45.3 1 2
github.com/mnemcik/consigliere/cmd/external.go:46.2,47.12 2 1
github.com/mnemcik/consigliere/cmd/external.go:47.12,49.3 1 0
github.com/mnemcik/consigliere/cmd/external.go:50.2,50.36 1 1
github.com/mnemcik/consigliere/cmd/external.go:57.71,58.16 1 4
github.com/mnemcik/consigliere/cmd/external.go:58.16,59.67 1 2
github.com/mnemcik/consigliere/cmd/external.go:59.67,60.37 1 2
github.com/mnemcik/consigliere/cmd/external.go:60.37,62.34 2 2
github.com/mnemcik/consigliere/cmd/external.go:62.34,63.14 1 0
github.com/mnemcik/consigliere/cmd/external.go:65.5,65.40 1 2
github.com/mnemcik/consigliere/cmd/external.go:65.40,66.35 1 2
github.com/mnemcik/consigliere/cmd/external.go:66.35,67.15 1 1
github.com/mnemcik/consigliere/cmd/external.go:69.6,70.66 2 1
github.com/mnemcik/consigliere/cmd/external.go:70.66,72.7 1 1
github.com/mnemcik/consigliere/cmd/external.go:77.2,77.60 1 3
github.com/mnemcik/consigliere/cmd/external.go:77.60,79.3 1 2
github.com/mnemcik/consigliere/cmd/external.go:80.2,80.18 1 1
github.com/mnemcik/consigliere/cmd/external.go:86.52,91.32 5 1
github.com/mnemcik/consigliere/cmd/external.go:91.32,93.26 2 1
github.com/mnemcik/consigliere/cmd/external.go:93.26,95.4 1 1
github.com/mnemcik/consigliere/cmd/external.go:96.3,96.13 1 0
github.com/mnemcik/consigliere/cmd/external.go:98.2,98.12 1 0
github.com/mnemcik/consigliere/cmd/external.go:103.40,105.16 2 1
github.com/mnemcik/consigliere/cmd/external.go:105.16,107.3 1 0
github.com/mnemcik/consigliere/cmd/external.go:108.2,109.13 2 1
github.com/mnemcik/consigliere/cmd/init.go:41.13,45.2 3 1
github.com/mnemcik/consigliere/cmd/init.go:54.55,56.16 2 10
github.com/mnemcik/consigliere/cmd/init.go:56.16,58.3 1 0
github.com/mnemcik/consigliere/cmd/init.go:61.2,62.16 2 10
github.com/mnemcik/consigliere/cmd/init.go:62.16,64.3 1 0
github.com/mnemcik/consigliere/cmd/init.go:65.2,65.30 1 10
github.com/mnemcik/consigliere/cmd/init.go:65.30,69.3 3 1
github.com/mnemcik/consigliere/cmd/init.go:71.2,73.16 3 9
github.com/mnemcik/consigliere/cmd/init.go:73.16,75.18 2 0
github.com/mnemcik/consigliere/cmd/init.go:75.18,76.42 1 0
github.com/mnemcik/consigliere/cmd/init.go:76.42,78.5 1 0
github.com/mnemcik/consigliere/cmd/init.go:79.4,79.15 1 0
github.com/mnemcik/consigliere/cmd/init.go:81.3,81.14 1 0
github.com/mnemcik/consigliere/cmd/init.go:84.2,96.25 3 9
github.com/mnemcik/consigliere/cmd/init.go:96.25,98.22 2 63
github.com/mnemcik/consigliere/cmd/init.go:98.22,100.4 1 9
github.com/mnemcik/consigliere/cmd/init.go:100.9,101.51 1 54
github.com/mnemcik/consigliere/cmd/init.go:101.51,103.5 1 0
github.com/mnemcik/consigliere/cmd/init.go:104.4,104.36 1 54
github.com/mnemcik/consigliere/cmd/init.go:109.2,122.41 2 9
github.com/mnemcik/consigliere/cmd/init.go:122.41,126.3 3 99
github.com/mnemcik/consigliere/cmd/init.go:129.2,136.39 2 9
github.com/mnemcik/consigliere/cmd/init.go:136.39,140.3 3 45
github.com/mnemcik/consigliere/cmd/init.go:145.2,147.16 3 9
github.com/mnemcik/consigliere/cmd/init.go:147.16,150.3 2 2
github.com/mnemcik/consigliere/cmd/init.go:151.2,156.16 3 9
github.com/mnemcik/consigliere/cmd/init.go:156.16,157.42 1 2
github.com/mnemcik/consigliere/cmd/init.go:157.42,159.4 1 1
github.com/mnemcik/consigliere/cmd/init.go:161.2,161.62 1 9
github.com/mnemcik/consigliere/cmd/init.go:161.62,163.3 1 8
github.com/mnemcik/consigliere/cmd/init.go:164.2,188.92 4 9
github.com/mnemcik/consigliere/cmd/init.go:188.92,190.3 1 0
github.com/mnemcik/consigliere/cmd/init.go:191.2,191.16 1 9
github.com/mnemcik/consigliere/cmd/init.go:191.16,194.3 1 2
github.com/mnemcik/consigliere/cmd/init.go:194.8,196.3 1 7
github.com/mnemcik/consigliere/cmd/init.go:199.2,201.60 3 9
github.com/mnemcik/consigliere/cmd/init.go:201.60,206.3 3 2
github.com/mnemcik/consigliere/cmd/init.go:206.8,210.3 3 7
github.com/mnemcik/consigliere/cmd/init.go:216.2,218.21 3 9
github.com/mnemcik/consigliere/cmd/init.go:218.21,220.3 1 0
github.com/mnemcik/consigliere/cmd/init.go:220.8,224.18 2 9
github.com/mnemcik/consigliere/cmd/init.go:224.18,226.4 1 0
github.com/mnemcik/consigliere/cmd/init.go:226.9,228.4 1 9
github.com/mnemcik/consigliere/cmd/init.go:229.3,230.35 2 9
github.com/mnemcik/consigliere/cmd/init.go:239.2,239.67 1 9
github.com/mnemcik/consigliere/cmd/init.go:239.67,241.3 1 0
github.com/mnemcik/consigliere/cmd/init.go:241.8,245.37 2 9
github.com/mnemcik/consigliere/cmd/init.go:245.37,246.76 1 9
github.com/mnemcik/consigliere/cmd/init.go:246.76,248.5 1 0
github.com/mnemcik/consigliere/cmd/init.go:248.10,250.5 1 9
github.com/mnemcik/consigliere/cmd/init.go:252.3,253.40 2 9
github.com/mnemcik/consigliere/cmd/init.go:253.40,255.4 1 0
github.com/mnemcik/consigliere/cmd/init.go:255.9,257.4 1 9
github.com/mnemcik/consigliere/cmd/init.go:261.2,262.16 2 9
github.com/mnemcik/consigliere/cmd/init.go:262.16,263.44 1 0
github.com/mnemcik/consigliere/cmd/init.go:263.44,265.4 1 0
github.com/mnemcik/consigliere/cmd/init.go:265.9,266.99 1 0
github.com/mnemcik/consigliere/cmd/init.go:266.99,268.5 1 0
github.com/mnemcik/consigliere/cmd/init.go:269.4,269.57 1 0
github.com/mnemcik/consigliere/cmd/init.go:271.8,275.3 3 9
github.com/mnemcik/consigliere/cmd/init.go:278.2,283.26 4 9
github.com/mnemcik/consigliere/cmd/init.go:283.26,289.34 2 9
github.com/mnemcik/consigliere/cmd/init.go:289.34,293.4 3 27
github.com/mnemcik/consigliere/cmd/init.go:298.3,301.32 2 9
github.com/mnemcik/consigliere/cmd/init.go:301.32,305.4 3 9
github.com/mnemcik/consigliere/cmd/init.go:310.3,318.34 2 9
github.com/mnemcik/consigliere/cmd/init.go:318.34,322.4 3 54
github.com/mnemcik/consigliere/cmd/init.go:326.3,330.35 2 9
github.com/mnemcik/consigliere/cmd/init.go:330.35,334.4 3 18
github.com/mnemcik/consigliere/cmd/init.go:338.2,338.42 1 9
github.com/mnemcik/consigliere/cmd/init.go:338.42,339.47 1 0
github.com/mnemcik/consigliere/cmd/init.go:339.47,341.4 1 0
github.com/mnemcik/consigliere/cmd/init.go:342.3,345.27 4 0
github.com/mnemcik/consigliere/cmd/init.go:345.27,347.4 1 0
github.com/mnemcik/consigliere/cmd/init.go:347.9,348.100 1 0
github.com/mnemcik/consigliere/cmd/init.go:348.100,350.5 1 0
github.com/mnemcik/consigliere/cmd/init.go:351.4,351.38 1 0
github.com/mnemcik/consigliere/cmd/init.go:354.3,356.17 3 0
github.com/mnemcik/consigliere/cmd/init.go:356.17,358.4 1 0
github.com/mnemcik/consigliere/cmd/init.go:359.3,360.10 2 0
github.com/mnemcik/consigliere/cmd/init.go:361.36,364.88 1 0
github.com/mnemcik/consigliere/cmd/init.go:365.11,366.74 1 0
github.com/mnemcik/consigliere/cmd/init.go:366.74,368.5 1 0
github.com/mnemcik/consigliere/cmd/init.go:369.4,369.59 1 0
github.com/mnemcik/consigliere/cmd/init.go:373.2,373.38 1 9
github.com/mnemcik/consigliere/cmd/init.go:373.38,376.10 3 0
github.com/mnemcik/consigliere/cmd/init.go:377.23,378.59 1 0
github.com/mnemcik/consigliere/cmd/init.go:379.43,382.55 3 0
github.com/mnemcik/consigliere/cmd/init.go:382.55,384.5 1 0
github.com/mnemcik/consigliere/cmd/init.go:384.10,386.5 1 0
github.com/mnemcik/consigliere/cmd/init.go:387.11,388.70 1 0
github.com/mnemcik/consigliere/cmd/init.go:394.2,395.17 2 9
github.com/mnemcik/consigliere/cmd/init.go:395.17,397.3 1 0
github.com/mnemcik/consigliere/cmd/init.go:398.2,407.22 7 9
github.com/mnemcik/consigliere/cmd/init.go:407.22,409.29 2 9
github.com/mnemcik/consigliere/cmd/init.go:409.29,411.4 1 466
github.com/mnemcik/consigliere/cmd/init.go:412.3,412.16 1 9
github.com/mnemcik/consigliere/cmd/init.go:415.2,415.22 1 9
github.com/mnemcik/consigliere/cmd/init.go:415.22,417.29 2 3
github.com/mnemcik/consigliere/cmd/init.go:417.29,419.4 1 50
github.com/mnemcik/consigliere/cmd/init.go:420.3,420.16 1 3
github.com/mnemcik/consigliere/cmd/init.go:423.2,424.16 2 9
github.com/mnemcik/consigliere/cmd/init.go:424.16,427.29 3 0
github.com/mnemcik/consigliere/cmd/init.go:427.29,429.4 1 0
github.com/mnemcik/consigliere/cmd/init.go:429.9,431.4 1 0
github.com/mnemcik/consigliere/cmd/init.go:432.3,432.26 1 0
github.com/mnemcik/consigliere/cmd/init.go:432.26,434.4 1 0
github.com/mnemcik/consigliere/cmd/init.go:435.3,435.59 1 0
github.com/mnemcik/consigliere/cmd/init.go:436.8,444.3 7 9
github.com/mnemcik/consigliere/cmd/init.go:446.2,446.12 1 9
github.com/mnemcik/consigliere/cmd/init.go:456.86,457.52 1 14
github.com/mnemcik/consigliere/cmd/init.go:457.52,459.3 1 2
github.com/mnemcik/consigliere/cmd/init.go:460.2,460.19 1 12
github.com/mnemcik/consigliere/cmd/init.go:460.19,462.3 1 1
github.com/mnemcik/consigliere/cmd/init.go:463.2,464.32 2 11
github.com/mnemcik/consigliere/cmd/init.go:464.32,466.3 1 2
github.com/mnemcik/consigliere/cmd/init.go:467.2,467.12 1 9
github.com/mnemcik/consigliere/cmd/init.go:472.48,474.16 2 15
github.com/mnemcik/consigliere/cmd/init.go:474.16,476.3 1 2
github.com/mnemcik/consigliere/cmd/init.go:477.2,482.49 2 13
github.com/mnemcik/consigliere/cmd/init.go:482.49,484.3 1 1
github.com/mnemcik/consigliere/cmd/init.go:485.2,485.29 1 12
github.com/mnemcik/consigliere/cmd/init.go:495.45,496.15 1 17
github.com/mnemcik/consigliere/cmd/init.go:496.15,498.3 1 2
github.com/mnemcik/consigliere/cmd/init.go:499.2,499.55 1 15
github.com/mnemcik/consigliere/cmd/init.go:502.89,504.2 1 180
github.com/mnemcik/consigliere/cmd/init.go:508.95,510.2 1 54
github.com/mnemcik/consigliere/cmd/init.go:512.111,514.40 2 234
github.com/mnemcik/consigliere/cmd/init.go:514.40,516.3 1 17
github.com/mnemcik/consigliere/cmd/init.go:518.2,519.16 2 217
github.com/mnemcik/consigliere/cmd/init.go:519.16,522.3 2 0
github.com/mnemcik/consigliere/cmd/init.go:525.2,525.53 1 217
github.com/mnemcik/consigliere/cmd/init.go:525.53,526.52 1 193
github.com/mnemcik/consigliere/cmd/init.go:526.52,529.4 2 0
github.com/mnemcik/consigliere/cmd/init.go:532.2,532.59 1 217
github.com/mnemcik/consigliere/cmd/init.go:532.59,535.3 2 0
github.com/mnemcik/consigliere/cmd/init.go:537.2,537.21 1 217
github.com/mnemcik/consigliere/cmd/init.go:537.21,539.3 1 54
github.com/mnemcik/consigliere/cmd/init.go:541.2,541.27 1 217
github.com/mnemcik/consigliere/cmd/init.go:551.101,552.82 1 11
github.com/mnemcik/consigliere/cmd/init.go:552.82,553.16 1 181
github.com/mnemcik/consigliere/cmd/init.go:553.16,555.4 1 0
github.com/mnemcik/consigliere/cmd/init.go:556.3,556.16 1 181
github.com/mnemcik/consigliere/cmd/init.go:556.16,559.60 1 14
github.com/mnemcik/consigliere/cmd/init.go:559.60,561.5 1 2
github.com/mnemcik/consigliere/cmd/init.go:562.4,562.14 1 12
github.com/mnemcik/consigliere/cmd/init.go:564.3,564.47 1 167
github.com/mnemcik/consigliere/cmd/init.go:564.47,566.4 1 11
github.com/mnemcik/consigliere/cmd/init.go:569.3,571.27 3 156
github.com/mnemcik/consigliere/cmd/init.go:571.27,574.4 2 18
github.com/mnemcik/consigliere/cmd/init.go:575.3,576.18 2 138
github.com/mnemcik/consigliere/cmd/init.go:576.18,578.4 1 0
github.com/mnemcik/consigliere/cmd/init.go:579.3,579.72 1 138
github.com/mnemcik/consigliere/cmd/init.go:579.72,581.4 1 0
github.com/mnemcik/consigliere/cmd/init.go:582.3,582.63 1 138
github.com/mnemcik/consigliere/cmd/init.go:582.63,584.4 1 0
github.com/mnemcik/consigliere/cmd/init.go:585.3,586.13 2 138
github.com/mnemcik/consigliere/cmd/init.go:588.2,588.34 1 11
github.com/mnemcik/consigliere/cmd/init.go:591.81,593.26 2 45
github.com/mnemcik/consigliere/cmd/init.go:593.26,595.3 1 5
github.com/mnemcik/consigliere/cmd/init.go:597.2,597.71 1 40
github.com/mnemcik/consigliere/cmd/init.go:597.71,600.3 2 0
github.com/mnemcik/consigliere/cmd/init.go:602.2,602.27 1 40
github.com/mnemcik/consigliere/cmd/init.go:605.35,608.2 2 415
github.com/mnemcik/consigliere/cmd/init.go:610.34,613.2 2 63
github.com/mnemcik/consigliere/cmd/match.go:15.13,17.2 1 1
github.com/mnemcik/consigliere/cmd/match.go:34.56,39.16 4 0
github.com/mnemcik/consigliere/cmd/match.go:39.16,41.3 1 0
github.com/mnemcik/consigliere/cmd/match.go:44.2,45.16 2 0
github.com/mnemcik/consigliere/cmd/match.go:45.16,48.3 2 0
github.com/mnemcik/consigliere/cmd/match.go:49.2,49.16 1 0
github.com/mnemcik/consigliere/cmd/match.go:49.16,52.3 2 0
github.com/mnemcik/consigliere/cmd/match.go:55.2,56.43 2 0
github.com/mnemcik/consigliere/cmd/match.go:56.43,58.3 1 0
github.com/mnemcik/consigliere/cmd/match.go:60.2,61.38 2 0
github.com/mnemcik/consigliere/cmd/match.go:61.38,64.3 2 0
github.com/mnemcik/consigliere/cmd/match.go:67.2,75.29 4 0
github.com/mnemcik/consigliere/cmd/match.go:75.29,82.47 5 0
github.com/mnemcik/consigliere/cmd/match.go:82.47,84.4 1 0
github.com/mnemcik/consigliere/cmd/match.go:87.3,87.49 1 0
github.com/mnemcik/consigliere/cmd/match.go:87.49,89.4 1 0
github.com/mnemcik/consigliere/cmd/match.go:92.3,93.34 2 0
github.com/mnemcik/consigliere/cmd/match.go:93.34,94.43 1 0
github.com/mnemcik/consigliere/cmd/match.go:94.43,96.5 1 0
github.com/mnemcik/consigliere/cmd/match.go:100.3,102.31 3 0
github.com/mnemcik/consigliere/cmd/match.go:102.31,103.18 1 0
github.com/mnemcik/consigliere/cmd/match.go:103.18,104.13 1 0
github.com/mnemcik/consigliere/cmd/match.go:106.4,106.35 1 0
github.com/mnemcik/consigliere/cmd/match.go:106.35,107.16 1 0
github.com/mnemcik/consigliere/cmd/match.go:107.16,109.11 2 0
github.com/mnemcik/consigliere/cmd/match.go:113.3,113.45 1 0
github.com/mnemcik/consigliere/cmd/match.go:113.45,116.4 1 0
github.com/mnemcik/consigliere/cmd/match.go:118.3,118.16 1 0
github.com/mnemcik/consigliere/cmd/match.go:118.16,120.4 1 0
github.com/mnemcik/consigliere/cmd/match.go:123.2,123.26 1 0
github.com/mnemcik/consigliere/cmd/match.go:123.26,125.26 2 0
github.com/mnemcik/consigliere/cmd/match.go:125.26,127.4 1 0
github.com/mnemcik/consigliere/cmd/match.go:128.3,129.13 2 0
github.com/mnemcik/consigliere/cmd/match.go:133.2,133.39 1 0
github.com/mnemcik/consigliere/cmd/match.go:133.39,134.44 1 0
github.com/mnemcik/consigliere/cmd/match.go:134.44,135.49 1 0
github.com/mnemcik/consigliere/cmd/match.go:135.49,137.5 1 0
github.com/mnemcik/consigliere/cmd/match.go:142.2,142.73 1 0
github.com/mnemcik/consigliere/cmd/match.go:142.73,149.3 6 0
github.com/mnemcik/consigliere/cmd/match.go:152.2,153.29 2 0
github.com/mnemcik/consigliere/cmd/match.go:153.29,155.3 1 0
github.com/mnemcik/consigliere/cmd/match.go:156.2,157.29 2 0
github.com/mnemcik/consigliere/cmd/match.go:157.29,161.3 2 0
github.com/mnemcik/consigliere/cmd/match.go:163.2,163.12 1 0
github.com/mnemcik/consigliere/cmd/match.go:167.56,169.16 2 166
github.com/mnemcik/consigliere/cmd/match.go:169.16,171.3 1 0
github.com/mnemcik/consigliere/cmd/match.go:172.2,172.15 1 166
github.com/mnemcik/consigliere/cmd/match.go:172.15,172.32 1 166
github.com/mnemcik/consigliere/cmd/match.go:174.2,182.21 5 166
github.com/mnemcik/consigliere/cmd/match.go:182.21,184.36 2 687
github.com/mnemcik/consigliere/cmd/match.go:184.36,185.12 1 4
github.com/mnemcik/consigliere/cmd/match.go:188.3,189.21 2 683
github.com/mnemcik/consigliere/cmd/match.go:189.21,190.12 1 0
github.com/mnemcik/consigliere/cmd/match.go:194.3,194.19 1 683
github.com/mnemcik/consigliere/cmd/match.go:194.19,196.12 2 166
github.com/mnemcik/consigliere/cmd/match.go:200.3,200.22 1 517
github.com/mnemcik/consigliere/cmd/match.go:200.22,201.41 1 166
github.com/mnemcik/consigliere/cmd/match.go:201.41,203.13 2 166
github.com/mnemcik/consigliere/cmd/match.go:207.3,207.22 1 351
github.com/mnemcik/consigliere/cmd/match.go:207.22,208.12 1 0
github.com/mnemcik/consigliere/cmd/match.go:213.3,226.5 6 351
github.com/mnemcik/consigliere/cmd/match.go:229.2,229.32 1 166
github.com/mnemcik/consigliere/cmd/match.go:232.42,236.23 3 683
github.com/mnemcik/consigliere/cmd/match.go:236.23,238.3 1 3415
github.com/mnemcik/consigliere/cmd/match.go:239.2,239.14 1 683
github.com/mnemcik/consigliere/cmd/match.go:244.41,247.23 2 362
github.com/mnemcik/consigliere/cmd/match.go:247.23,256.58 2 360
github.com/mnemcik/consigliere/cmd/match.go:256.58,258.4 1 352
github.com/mnemcik/consigliere/cmd/match.go:260.3,260.48 1 360
github.com/mnemcik/consigliere/cmd/match.go:260.48,262.4 1 3
github.com/mnemcik/consigliere/cmd/match.go:263.3,263.14 1 360
github.com/mnemcik/consigliere/cmd/match.go:265.2,265.54 1 2
github.com/mnemcik/consigliere/cmd/match.go:268.46,271.49 2 131
github.com/mnemcik/consigliere/cmd/match.go:271.49,274.17 3 133
github.com/mnemcik/consigliere/cmd/match.go:274.17,276.4 1 133
github.com/mnemcik/consigliere/cmd/match.go:278.2,278.14 1 131
github.com/mnemcik/consigliere/cmd/match.go:281.34,285.2 2 1
github.com/mnemcik/consigliere/cmd/pushpolicy.go:13.13,17.2 3 1
github.com/mnemcik/consigliere/cmd/pushpolicy.go:33.67,36.16 3 0
github.com/mnemcik/consigliere/cmd/pushpolicy.go:36.16,38.3 1 0
github.com/mnemcik/consigliere/cmd/pushpolicy.go:39.2,40.12 2 0
github.com/mnemcik/consigliere/cmd/pushpolicy.go:61.62,65.58 3 0
github.com/mnemcik/consigliere/cmd/pushpolicy.go:65.58,67.3 1 0
github.com/mnemcik/consigliere/cmd/pushpolicy.go:71.2,72.16 2 0
github.com/mnemcik/consigliere/cmd/pushpolicy.go:72.16,74.3 1 0
github.com/mnemcik/consigliere/cmd/pushpolicy.go:76.2,82.10 2 0
github.com/mnemcik/consigliere/cmd/pushpolicy.go:82.10,84.3 1 0
github.com/mnemcik/consigliere/cmd/pushpolicy.go:85.2,85.12 1 0
github.com/mnemcik/consigliere/cmd/root.go:30.64,34.3 3 96
github.com/mnemcik/consigliere/cmd/root.go:37.65,38.31 1 73
github.com/mnemcik/consigliere/cmd/root.go:38.31,40.4 1 0
github.com/mnemcik/consigliere/cmd/root.go:41.3,41.13 1 73
github.com/mnemcik/consigliere/cmd/root.go:45.13,47.54 2 1
github.com/mnemcik/consigliere/cmd/root.go:47.54,49.3 1 1
github.com/mnemcik/consigliere/cmd/root.go:50.2,51.62 1 1
github.com/mnemcik/consigliere/cmd/root.go:58.50,59.59 1 169
github.com/mnemcik/consigliere/cmd/root.go:59.59,61.3 1 160
github.com/mnemcik/consigliere/cmd/root.go:62.2,62.20 1 9
github.com/mnemcik/consigliere/cmd/root.go:63.37,64.14 1 0
github.com/mnemcik/consigliere/cmd/root.go:66.2,66.58 1 9
github.com/mnemcik/consigliere/cmd/root.go:66.58,68.3 1 9
github.com/mnemcik/consigliere/cmd/root.go:69.2,69.14 1 0
github.com/mnemcik/consigliere/cmd/root.go:72.22,75.37 1 0
github.com/mnemcik/consigliere/cmd/root.go:75.37,78.3 2 0
github.com/mnemcik/consigliere/cmd/root.go:82.2,82.57 1 0
github.com/mnemcik/consigliere/cmd/root.go:82.57,84.3 1 0
github.com/mnemcik/consigliere/cmd/root.go:85.2,85.26 1 0
github.com/mnemcik/consigliere/cmd/session.go:19.13,29.2 9 1
github.com/mnemcik/consigliere/cmd/session.go:59.58,63.99 3 5
github.com/mnemcik/consigliere/cmd/session.go:63.99,65.3 1 3
github.com/mnemcik/consigliere/cmd/session.go:66.2,67.15 2 2
github.com/mnemcik/consigliere/cmd/session.go:67.15,69.3 1 0
github.com/mnemcik/consigliere/cmd/session.go:70.2,71.16 2 2
github.com/mnemcik/consigliere/cmd/session.go:71.16,73.3 1 0
github.com/mnemcik/consigliere/cmd/session.go:74.2,74.74 1 2
github.com/mnemcik/consigliere/cmd/session.go:74.74,76.3 1 0
github.com/mnemcik/consigliere/cmd/session.go:77.2,77.12 1 2
github.com/mnemcik/consigliere/cmd/session.go:98.64,102.80 3 2
github.com/mnemcik/consigliere/cmd/session.go:102.80,104.3 1 0
github.com/mnemcik/consigliere/cmd/session.go:106.2,107.15 2 2
github.com/mnemcik/consigliere/cmd/session.go:107.15,109.3 1 1
github.com/mnemcik/consigliere/cmd/session.go:110.2,111.16 2 2
github.com/mnemcik/consigliere/cmd/session.go:111.16,113.3 1 0
github.com/mnemcik/consigliere/cmd/session.go:116.2,117.20 2 2
github.com/mnemcik/consigliere/cmd/session.go:117.20,119.3 1 2
github.com/mnemcik/consigliere/cmd/session.go:120.2,120.43 1 2
github.com/mnemcik/consigliere/cmd/session.go:120.43,122.3 1 0
github.com/mnemcik/consigliere/cmd/session.go:124.2,124.62 1 2
github.com/mnemcik/consigliere/cmd/session.go:124.62,126.3 1 0
github.com/mnemcik/consigliere/cmd/session.go:127.2,127.12 1 2
github.com/mnemcik/consigliere/cmd/session.go:138.65,145.16 4 0
github.com/mnemcik/consigliere/cmd/session.go:145.16,147.3 1 0
github.com/mnemcik/consigliere/cmd/session.go:148.2,149.68 2 0
github.com/mnemcik/consigliere/cmd/session.go:149.68,150.55 1 0
github.com/mnemcik/consigliere/cmd/session.go:150.55,152.4 1 0
github.com/mnemcik/consigliere/cmd/session.go:155.2,156.29 2 0
github.com/mnemcik/consigliere/cmd/session.go:156.29,158.3 1 0
github.com/mnemcik/consigliere/cmd/session.go:159.2,159.12 1 0
github.com/mnemcik/consigliere/cmd/session.go:189.13,194.51 5 1
github.com/mnemcik/consigliere/cmd/session.go:194.51,196.3 1 2
github.com/mnemcik/consigliere/cmd/session.go:197.2,198.109 2 1
github.com/mnemcik/consigliere/cmd/session.go:219.60,222.33 3 1
github.com/mnemcik/consigliere/cmd/session.go:222.33,224.3 1 0
github.com/mnemcik/consigliere/cmd/session.go:225.2,226.16 2 1
github.com/mnemcik/consigliere/cmd/session.go:226.16,228.3 1 0
github.com/mnemcik/consigliere/cmd/session.go:229.2,230.32 2 1
github.com/mnemcik/consigliere/cmd/session.go:230.32,232.3 1 0
github.com/mnemcik/consigliere/cmd/session.go:233.2,234.16 2 1
github.com/mnemcik/consigliere/cmd/session.go:234.16,236.3 1 0
github.com/mnemcik/consigliere/cmd/session.go:237.2,237.12 1 1
github.com/mnemcik/consigliere/cmd/session.go:237.12,239.3 1 1
github.com/mnemcik/consigliere/cmd/session.go:239.8,241.3 1 0
github.com/mnemcik/consigliere/cmd/session.go:242.2,242.12 1 1
github.com/mnemcik/consigliere/cmd/session.go:253.43,254.100 1 19
github.com/mnemcik/consigliere/cmd/session.go:254.100,255.40 1 33
github.com/mnemcik/consigliere/cmd/session.go:255.40,257.4 1 17
github.com/mnemcik/consigliere/cmd/session.go:259.2,259.11 1 2
github.com/mnemcik/consigliere/cmd/session.go:279.62,282.33 3 2
github.com/mnemcik/consigliere/cmd/session.go:282.33,284.3 1 1
github.com/mnemcik/consigliere/cmd/session.go:285.2,286.16 2 1
github.com/mnemcik/consigliere/cmd/session.go:286.16,288.3 1 0
github.com/mnemcik/consigliere/cmd/session.go:289.2,290.32 2 1
github.com/mnemcik/consigliere/cmd/session.go:290.32,292.3 1 0
github.com/mnemcik/consigliere/cmd/session.go:293.2,293.50 1 1
github.com/mnemcik/consigliere/cmd/session.go:293.50,295.3 1 0
github.com/mnemcik/consigliere/cmd/session.go:296.2,297.12 2 1
github.com/mnemcik/consigliere/cmd/session.go:300.65,304.33 3 7
github.com/mnemcik/consigliere/cmd/session.go:304.33,306.3 1 1
github.com/mnemcik/consigliere/cmd/session.go:308.2,310.53 3 6
github.com/mnemcik/consigliere/cmd/session.go:310.53,312.3 1 1
github.com/mnemcik/consigliere/cmd/session.go:314.2,315.16 2 5
github.com/mnemcik/consigliere/cmd/session.go:315.16,317.3 1 0
github.com/mnemcik/consigliere/cmd/session.go:320.2,321.32 2 5
github.com/mnemcik/consigliere/cmd/session.go:321.32,323.3 1 1
github.com/mnemcik/consigliere/cmd/session.go:325.2,325.120 1 4
github.com/mnemcik/consigliere/cmd/session.go:325.120,327.3 1 0
github.com/mnemcik/consigliere/cmd/session.go:328.2,332.16 4 4
github.com/mnemcik/consigliere/cmd/session.go:332.16,334.3 1 0
github.com/mnemcik/consigliere/cmd/session.go:335.2,335.30 1 4
github.com/mnemcik/consigliere/cmd/session.go:335.30,337.3 1 1
github.com/mnemcik/consigliere/cmd/session.go:338.2,338.12 1 4
github.com/mnemcik/consigliere/cmd/session.go:356.64,360.58 3 0
github.com/mnemcik/consigliere/cmd/session.go:360.58,362.3 1 0
github.com/mnemcik/consigliere/cmd/session.go:363.2,364.15 2 0
github.com/mnemcik/consigliere/cmd/session.go:364.15,366.3 1 0
github.com/mnemcik/consigliere/cmd/session.go:369.2,370.16 2 0
github.com/mnemcik/consigliere/cmd/session.go:370.16,372.3 1 0
github.com/mnemcik/consigliere/cmd/session.go:373.2,381.10 4 0
github.com/mnemcik/consigliere/cmd/session.go:381.10,383.3 1 0
github.com/mnemcik/consigliere/cmd/session.go:384.2,384.12 1 0
github.com/mnemcik/consigliere/cmd/session.go:401.65,408.15 6 2
github.com/mnemcik/consigliere/cmd/session.go:408.15,410.3 1 0
github.com/mnemcik/consigliere/cmd/session.go:412.2,421.12 5 2
github.com/mnemcik/consigliere/cmd/session.go:431.102,434.16 3 18
github.com/mnemcik/consigliere/cmd/session.go:434.16,436.3 1 0
github.com/mnemcik/consigliere/cmd/session.go:437.2,437.35 1 18
github.com/mnemcik/consigliere/cmd/session.go:437.35,439.3 1 1
github.com/mnemcik/consigliere/cmd/session.go:440.2,440.31 1 18
github.com/mnemcik/consigliere/cmd/session.go:444.44,446.16 2 7
github.com/mnemcik/consigliere/cmd/session.go:446.16,448.3 1 0
github.com/mnemcik/consigliere/cmd/session.go:449.2,449.32 1 7
github.com/mnemcik/consigliere/cmd/session.go:453.49,457.16 2 0
github.com/mnemcik/consigliere/cmd/session.go:457.16,459.3 1 0
github.com/mnemcik/consigliere/cmd/session.go:460.2,460.37 1 0
github.com/mnemcik/consigliere/cmd/share.go:20.13,30.2 9 1
github.com/mnemcik/consigliere/cmd/share.go:67.62,76.25 9 3
github.com/mnemcik/consigliere/cmd/share.go:76.25,78.3 1 0
github.com/mnemcik/consigliere/cmd/share.go:79.2,80.16 2 3
github.com/mnemcik/consigliere/cmd/share.go:80.16,82.3 1 0
github.com/mnemcik/consigliere/cmd/share.go:84.2,85.16 2 3
github.com/mnemcik/consigliere/cmd/share.go:85.16,87.3 1 0
github.com/mnemcik/consigliere/cmd/share.go:88.2,89.16 2 3
github.com/mnemcik/consigliere/cmd/share.go:89.16,91.3 1 1
github.com/mnemcik/consigliere/cmd/share.go:92.2,93.16 2 2
github.com/mnemcik/consigliere/cmd/share.go:93.16,95.3 1 0
github.com/mnemcik/consigliere/cmd/share.go:96.2,97.27 2 2
github.com/mnemcik/consigliere/cmd/share.go:97.27,100.3 2 1
github.com/mnemcik/consigliere/cmd/share.go:101.2,101.11 1 1
github.com/mnemcik/consigliere/cmd/share.go:101.11,104.3 2 1
github.com/mnemcik/consigliere/cmd/share.go:105.2,105.39 1 0
github.com/mnemcik/consigliere/cmd/share.go:105.39,107.3 1 0
github.com/mnemcik/consigliere/cmd/share.go:109.2,111.27 3 0
github.com/mnemcik/consigliere/cmd/share.go:111.27,113.3 1 0
github.com/mnemcik/consigliere/cmd/share.go:114.2,115.26 2 0
github.com/mnemcik/consigliere/cmd/share.go:115.26,117.3 1 0
github.com/mnemcik/consigliere/cmd/share.go:118.2,118.12 1 0
github.com/mnemcik/consigliere/cmd/share.go:130.58,132.16 2 27
github.com/mnemcik/consigliere/cmd/share.go:132.16,134.3 1 0
github.com/mnemcik/consigliere/cmd/share.go:135.2,136.16 2 27
github.com/mnemcik/consigliere/cmd/share.go:136.16,138.3 1 0
github.com/mnemcik/consigliere/cmd/share.go:139.2,140.16 2 27
github.com/mnemcik/consigliere/cmd/share.go:140.16,141.44 1 27
github.com/mnemcik/consigliere/cmd/share.go:141.44,143.4 1 0
github.com/mnemcik/consigliere/cmd/share.go:144.3,144.46 1 27
github.com/mnemcik/consigliere/cmd/share.go:144.46,146.4 1 0
github.com/mnemcik/consigliere/cmd/share.go:147.3,147.61 1 27
github.com/mnemcik/consigliere/cmd/share.go:147.61,149.4 1 1
github.com/mnemcik/consigliere/cmd/share.go:150.3,150.24 1 26
github.com/mnemcik/consigliere/cmd/share.go:152.2,152.17 1 26
github.com/mnemcik/consigliere/cmd/share.go:160.152,162.34 2 60
github.com/mnemcik/consigliere/cmd/share.go:162.34,164.3 1 4
github.com/mnemcik/consigliere/cmd/share.go:165.2,166.16 2 56
github.com/mnemcik/consigliere/cmd/share.go:166.16,168.3 1 0
github.com/mnemcik/consigliere/cmd/share.go:169.2,170.35 2 56
github.com/mnemcik/consigliere/cmd/share.go:170.35,171.40 1 170
github.com/mnemcik/consigliere/cmd/share.go:171.40,173.4 1 83
github.com/mnemcik/consigliere/cmd/share.go:175.2,175.18 1 56
github.com/mnemcik/consigliere/cmd/share.go:189.109,191.37 2 56
github.com/mnemcik/consigliere/cmd/share.go:191.37,193.3 1 23
github.com/mnemcik/consigliere/cmd/share.go:194.2,196.16 3 33
github.com/mnemcik/consigliere/cmd/share.go:196.16,198.3 1 0
github.com/mnemcik/consigliere/cmd/share.go:200.2,202.40 3 33
github.com/mnemcik/consigliere/cmd/share.go:202.40,203.21 1 72
github.com/mnemcik/consigliere/cmd/share.go:203.21,204.12 1 2
github.com/mnemcik/consigliere/cmd/share.go:206.3,207.17 2 70
github.com/mnemcik/consigliere/cmd/share.go:207.17,208.12 1 0
github.com/mnemcik/consigliere/cmd/share.go:213.3,214.17 2 70
github.com/mnemcik/consigliere/cmd/share.go:214.17,215.12 1 2
github.com/mnemcik/consigliere/cmd/share.go:217.3,218.28 2 68
github.com/mnemcik/consigliere/cmd/share.go:218.28,220.4 1 105
github.com/mnemcik/consigliere/cmd/share.go:223.2,223.37 1 33
github.com/mnemcik/consigliere/cmd/share.go:223.37,225.32 2 71
github.com/mnemcik/consigliere/cmd/share.go:225.32,226.34 1 138
github.com/mnemcik/consigliere/cmd/share.go:226.34,228.5 1 217
github.com/mnemcik/consigliere/cmd/share.go:230.3,230.11 1 71
github.com/mnemcik/consigliere/cmd/share.go:232.2,232.6 1 33
github.com/mnemcik/consigliere/cmd/share.go:232.6,235.38 3 38
github.com/mnemcik/consigliere/cmd/share.go:235.38,238.43 3 75
github.com/mnemcik/consigliere/cmd/share.go:238.43,240.5 1 5
github.com/mnemcik/consigliere/cmd/share.go:242.3,242.21 1 38
github.com/mnemcik/consigliere/cmd/share.go:242.21,243.9 1 33
github.com/mnemcik/consigliere/cmd/share.go:245.3,245.29 1 5
github.com/mnemcik/consigliere/cmd/share.go:245.29,247.4 1 5
github.com/mnemcik/consigliere/cmd/share.go:250.2,251.26 2 33
github.com/mnemcik/consigliere/cmd/share.go:251.26,253.3 1 32
github.com/mnemcik/consigliere/cmd/share.go:254.2,255.20 2 33
github.com/mnemcik/consigliere/cmd/share.go:260.129,262.16 2 130
github.com/mnemcik/consigliere/cmd/share.go:262.16,264.3 1 1
github.com/mnemcik/consigliere/cmd/share.go:265.2,274.20 3 129
github.com/mnemcik/consigliere/cmd/share.go:274.20,275.23 1 129
github.com/mnemcik/consigliere/cmd/share.go:275.23,277.4 1 58
github.com/mnemcik/consigliere/cmd/share.go:278.3,278.40 1 129
github.com/mnemcik/consigliere/cmd/share.go:280.2,280.20 1 129
github.com/mnemcik/consigliere/cmd/share.go:280.20,282.3 1 2
github.com/mnemcik/consigliere/cmd/share.go:284.2,285.9 2 127
github.com/mnemcik/consigliere/cmd/share.go:285.9,287.3 1 1
github.com/mnemcik/consigliere/cmd/share.go:288.2,289.9 2 126
github.com/mnemcik/consigliere/cmd/share.go:289.9,291.3 1 0
github.com/mnemcik/consigliere/cmd/share.go:292.2,293.37 2 126
github.com/mnemcik/consigliere/cmd/share.go:293.37,295.3 1 3
github.com/mnemcik/consigliere/cmd/share.go:296.2,296.18 1 126
github.com/mnemcik/consigliere/cmd/share.go:300.62,302.16 2 33
github.com/mnemcik/consigliere/cmd/share.go:302.16,304.3 1 0
github.com/mnemcik/consigliere/cmd/share.go:305.2,306.29 2 33
github.com/mnemcik/consigliere/cmd/share.go:306.29,308.3 1 70
github.com/mnemcik/consigliere/cmd/share.go:309.2,309.19 1 33
github.com/mnemcik/consigliere/cmd/share.go:317.86,319.32 2 27
github.com/mnemcik/consigliere/cmd/share.go:319.32,321.3 1 26
github.com/mnemcik/consigliere/cmd/share.go:322.2,322.42 1 1
github.com/mnemcik/consigliere/cmd/share.go:322.42,323.90 1 1
github.com/mnemcik/consigliere/cmd/share.go:323.90,325.4 1 1
github.com/mnemcik/consigliere/cmd/share.go:327.2,327.12 1 0
github.com/mnemcik/consigliere/cmd/share.go:330.74,331.20 1 198
github.com/mnemcik/consigliere/cmd/share.go:331.20,333.3 1 0
github.com/mnemcik/consigliere/cmd/share.go:334.2,335.14 2 198
github.com/mnemcik/consigliere/cmd/share.go:356.62,359.16 3 9
github.com/mnemcik/consigliere/cmd/share.go:359.16,361.3 1 1
github.com/mnemcik/consigliere/cmd/share.go:362.2,363.20 2 8
github.com/mnemcik/consigliere/cmd/share.go:363.20,364.42 1 1
github.com/mnemcik/consigliere/cmd/share.go:364.42,366.4 1 0
github.com/mnemcik/consigliere/cmd/share.go:367.3,367.28 1 1
github.com/mnemcik/consigliere/cmd/share.go:369.2,370.21 2 8
github.com/mnemcik/consigliere/cmd/share.go:370.21,373.3 2 1
github.com/mnemcik/consigliere/cmd/share.go:374.2,374.29 1 7
github.com/mnemcik/consigliere/cmd/share.go:374.29,375.12 1 7
github.com/mnemcik/consigliere/cmd/share.go:375.12,377.4 1 0
github.com/mnemcik/consigliere/cmd/share.go:378.3,378.40 1 7
github.com/mnemcik/consigliere/cmd/share.go:380.2,380.12 1 7
github.com/mnemcik/consigliere/cmd/share.go:383.86,390.9 7 7
github.com/mnemcik/consigliere/cmd/share.go:391.30,392.96 1 0
github.com/mnemcik/consigliere/cmd/share.go:393.18,394.86 1 0
github.com/mnemcik/consigliere/cmd/share.go:396.2,396.50 1 7
github.com/mnemcik/consigliere/cmd/share.go:396.50,401.3 2 1
github.com/mnemcik/consigliere/cmd/share.go:402.2,403.21 2 7
github.com/mnemcik/consigliere/cmd/share.go:403.21,405.3 1 4
github.com/mnemcik/consigliere/cmd/share.go:407.2,407.40 1 7
github.com/mnemcik/consigliere/cmd/share.go:407.40,410.3 2 15
github.com/mnemcik/consigliere/cmd/share.go:411.2,412.30 2 7
github.com/mnemcik/consigliere/cmd/share.go:412.30,413.37 1 11
github.com/mnemcik/consigliere/cmd/share.go:413.37,415.4 1 3
github.com/mnemcik/consigliere/cmd/share.go:417.2,418.31 2 7
github.com/mnemcik/consigliere/cmd/share.go:418.31,420.3 1 3
github.com/mnemcik/consigliere/cmd/share.go:423.160,425.16 2 15
github.com/mnemcik/consigliere/cmd/share.go:425.16,427.3 1 1
github.com/mnemcik/consigliere/cmd/share.go:428.2,429.16 2 14
github.com/mnemcik/consigliere/cmd/share.go:429.16,431.3 1 1
github.com/mnemcik/consigliere/cmd/share.go:432.2,433.35 2 13
github.com/mnemcik/consigliere/cmd/share.go:433.35,435.3 1 1
github.com/mnemcik/consigliere/cmd/share.go:436.2,436.15 1 12
github.com/mnemcik/consigliere/cmd/share.go:436.15,438.3 1 2
github.com/mnemcik/consigliere/cmd/share.go:439.2,440.9 2 10
github.com/mnemcik/consigliere/cmd/share.go:441.11,442.34 1 3
github.com/mnemcik/consigliere/cmd/share.go:443.53,444.89 1 5
github.com/mnemcik/consigliere/cmd/share.go:445.10,446.97 1 2
github.com/mnemcik/consigliere/cmd/share.go:450.33,451.45 1 2
github.com/mnemcik/consigliere/cmd/share.go:451.45,453.3 1 0
github.com/mnemcik/consigliere/cmd/share.go:454.2,454.10 1 2
github.com/mnemcik/consigliere/cmd/share.go:459.68,461.16 2 132
github.com/mnemcik/consigliere/cmd/share.go:461.16,463.3 1 0
github.com/mnemcik/consigliere/cmd/share.go:464.2,464.29 1 132
github.com/mnemcik/consigliere/cmd/share.go:464.29,465.23 1 200
github.com/mnemcik/consigliere/cmd/share.go:465.23,467.4 1 130
github.com/mnemcik/consigliere/cmd/share.go:469.2,469.88 1 2
github.com/mnemcik/consigliere/cmd/share.go:473.53,475.26 2 7
github.com/mnemcik/consigliere/cmd/share.go:475.26,477.38 2 5
github.com/mnemcik/consigliere/cmd/share.go:477.38,479.4 1 3
github.com/mnemcik/consigliere/cmd/share.go:480.3,480.57 1 2
github.com/mnemcik/consigliere/cmd/share.go:482.2,482.18 1 4
github.com/mnemcik/consigliere/cmd/share.go:485.59,487.29 2 1
github.com/mnemcik/consigliere/cmd/share.go:487.29,489.3 1 1
github.com/mnemcik/consigliere/cmd/share.go:490.2,490.230 1 1
github.com/mnemcik/consigliere/cmd/share_publish.go:21.13,25.2 3 1
github.com/mnemcik/consigliere/cmd/share_publish.go:62.43,64.2 1 0
github.com/mnemcik/consigliere/cmd/share_publish.go:66.93,73.12 4 0
github.com/mnemcik/consigliere/cmd/share_publish.go:73.12,76.3 2 0
github.com/mnemcik/consigliere/cmd/share_publish.go:77.2,77.9 1 0
github.com/mnemcik/consigliere/cmd/share_publish.go:78.20,80.39 2 0
github.com/mnemcik/consigliere/cmd/share_publish.go:81.17,82.48 1 0
github.com/mnemcik/consigliere/cmd/share_publish.go:82.48,84.4 1 0
github.com/mnemcik/consigliere/cmd/share_publish.go:85.3,85.40 1 0
github.com/mnemcik/consigliere/cmd/share_publish.go:89.63,99.16 7 15
github.com/mnemcik/consigliere/cmd/share_publish.go:99.16,101.3 1 0
github.com/mnemcik/consigliere/cmd/share_publish.go:102.2,103.20 2 15
github.com/mnemcik/consigliere/cmd/share_publish.go:103.20,104.42 1 15
github.com/mnemcik/consigliere/cmd/share_publish.go:104.42,106.4 1 0
github.com/mnemcik/consigliere/cmd/share_publish.go:107.3,107.28 1 15
github.com/mnemcik/consigliere/cmd/share_publish.go:109.2,109.21 1 15
github.com/mnemcik/consigliere/cmd/share_publish.go:109.21,111.3 1 0
github.com/mnemcik/consigliere/cmd/share_publish.go:113.2,115.29 3 15
github.com/mnemcik/consigliere/cmd/share_publish.go:115.29,116.12 1 15
github.com/mnemcik/consigliere/cmd/share_publish.go:116.12,118.4 1 0
github.com/mnemcik/consigliere/cmd/share_publish.go:119.3,119.23 1 15
github.com/mnemcik/consigliere/cmd/share_publish.go:119.23,124.4 2 0
github.com/mnemcik/consigliere/cmd/share_publish.go:125.3,125.72 1 15
github.com/mnemcik/consigliere/cmd/share_publish.go:125.72,128.12 3 7
github.com/mnemcik/consigliere/cmd/share_publish.go:130.3,130.28 1 8
github.com/mnemcik/consigliere/cmd/share_publish.go:132.2,132.22 1 15
github.com/mnemcik/consigliere/cmd/share_publish.go:132.22,134.3 1 0
github.com/mnemcik/consigliere/cmd/share_publish.go:135.2,135.21 1 15
github.com/mnemcik/consigliere/cmd/share_publish.go:135.21,137.3 1 7
github.com/mnemcik/consigliere/cmd/share_publish.go:138.2,138.12 1 8
github.com/mnemcik/consigliere/cmd/share_publish.go:143.62,145.19 2 9
github.com/mnemcik/consigliere/cmd/share_publish.go:145.19,147.3 1 1
github.com/mnemcik/consigliere/cmd/share_publish.go:148.2,148.15 1 9
github.com/mnemcik/consigliere/cmd/share_publish.go:148.15,150.3 1 1
github.com/mnemcik/consigliere/cmd/share_publish.go:151.2,151.24 1 9
github.com/mnemcik/consigliere/cmd/share_publish.go:154.107,162.40 5 15
github.com/mnemcik/consigliere/cmd/share_publish.go:162.40,164.17 2 30
github.com/mnemcik/consigliere/cmd/share_publish.go:164.17,166.4 1 0
github.com/mnemcik/consigliere/cmd/share_publish.go:167.3,168.17 2 30
github.com/mnemcik/consigliere/cmd/share_publish.go:168.17,170.4 1 0
github.com/mnemcik/consigliere/cmd/share_publish.go:171.3,171.36 1 30
github.com/mnemcik/consigliere/cmd/share_publish.go:171.36,173.4 1 1
github.com/mnemcik/consigliere/cmd/share_publish.go:174.3,175.26 2 29
github.com/mnemcik/consigliere/cmd/share_publish.go:178.2,179.16 2 14
github.com/mnemcik/consigliere/cmd/share_publish.go:179.16,181.3 1 0
github.com/mnemcik/consigliere/cmd/share_publish.go:182.2,188.16 2 14
github.com/mnemcik/consigliere/cmd/share_publish.go:188.16,190.3 1 0
github.com/mnemcik/consigliere/cmd/share_publish.go:191.2,194.19 3 14
github.com/mnemcik/consigliere/cmd/share_publish.go:194.19,197.3 2 1
github.com/mnemcik/consigliere/cmd/share_publish.go:198.2,198.12 1 13
github.com/mnemcik/consigliere/cmd/share_publish.go:198.12,200.25 2 2
github.com/mnemcik/consigliere/cmd/share_publish.go:200.25,202.4 1 1
github.com/mnemcik/consigliere/cmd/share_publish.go:203.3,203.13 1 2
github.com/mnemcik/consigliere/cmd/share_publish.go:205.2,205.58 1 11
github.com/mnemcik/consigliere/cmd/share_publish.go:205.58,207.3 1 6
github.com/mnemcik/consigliere/cmd/share_publish.go:208.2,209.16 2 5
github.com/mnemcik/consigliere/cmd/share_publish.go:209.16,211.3 1 0
github.com/mnemcik/consigliere/cmd/share_publish.go:212.2,213.12 2 5
github.com/mnemcik/consigliere/cmd/share_publish.go:220.130,221.16 1 14
github.com/mnemcik/consigliere/cmd/share_publish.go:221.16,223.3 1 14
github.com/mnemcik/consigliere/cmd/share_publish.go:224.2,224.16 1 14
github.com/mnemcik/consigliere/cmd/share_publish.go:224.16,226.3 1 0
github.com/mnemcik/consigliere/cmd/share_publish.go:227.2,227.17 1 14
github.com/mnemcik/consigliere/cmd/share_publish.go:227.17,229.3 1 14
github.com/mnemcik/consigliere/cmd/share_publish.go:230.2,230.17 1 14
github.com/mnemcik/consigliere/cmd/share_publish.go:230.17,232.3 1 0
github.com/mnemcik/consigliere/cmd/share_publish.go:233.2,233.25 1 14
github.com/mnemcik/consigliere/cmd/share_publish.go:239.96,240.24 1 11
github.com/mnemcik/consigliere/cmd/share_publish.go:240.24,242.10 2 9
github.com/mnemcik/consigliere/cmd/share_publish.go:243.48,244.89 1 0
github.com/mnemcik/consigliere/cmd/share_publish.go:245.29,246.60 1 3
github.com/mnemcik/consigliere/cmd/share_publish.go:248.3,248.10 1 9
github.com/mnemcik/consigliere/cmd/share_publish.go:248.10,250.4 1 2
github.com/mnemcik/consigliere/cmd/share_publish.go:251.3,251.29 1 7
github.com/mnemcik/consigliere/cmd/share_publish.go:251.29,253.4 1 2
github.com/mnemcik/consigliere/cmd/share_publish.go:254.3,256.17 3 5
github.com/mnemcik/consigliere/cmd/share_publish.go:256.17,258.4 1 0
github.com/mnemcik/consigliere/cmd/share_publish.go:259.3,259.30 1 5
github.com/mnemcik/consigliere/cmd/share_publish.go:259.30,261.4 1 1
github.com/mnemcik/consigliere/cmd/share_publish.go:262.3,262.13 1 4
github.com/mnemcik/consigliere/cmd/share_publish.go:264.2,264.9 1 2
github.com/mnemcik/consigliere/cmd/share_publish.go:264.9,266.3 1 1
github.com/mnemcik/consigliere/cmd/share_publish.go:267.2,267.28 1 1
github.com/mnemcik/consigliere/cmd/share_publish.go:267.28,269.3 1 1
github.com/mnemcik/consigliere/cmd/share_publish.go:270.2,271.16 2 0
github.com/mnemcik/consigliere/cmd/share_publish.go:271.16,273.3 1 0
github.com/mnemcik/consigliere/cmd/share_publish.go:274.2,274.58 1 0
github.com/mnemcik/consigliere/cmd/share_publish.go:274.58,276.3 1 0
github.com/mnemcik/consigliere/cmd/share_publish.go:277.2,277.12 1 0
github.com/mnemcik/consigliere/cmd/share_publish.go:280.54,282.31 2 14
github.com/mnemcik/consigliere/cmd/share_publish.go:282.31,284.3 1 28
github.com/mnemcik/consigliere/cmd/share_publish.go:285.2,286.26 2 14
github.com/mnemcik/consigliere/cmd/share_publish.go:286.26,289.10 3 28
github.com/mnemcik/consigliere/cmd/share_publish.go:290.16,291.57 1 12
github.com/mnemcik/consigliere/cmd/share_publish.go:292.55,293.94 1 7
github.com/mnemcik/consigliere/cmd/share_publish.go:295.3,296.35 2 28
github.com/mnemcik/consigliere/cmd/share_publish.go:296.35,298.4 1 4
github.com/mnemcik/consigliere/cmd/share_publish.go:300.2,300.33 1 14
github.com/mnemcik/consigliere/cmd/share_publish.go:300.33,302.3 1 0
github.com/mnemcik/consigliere/cmd/share_publish.go:303.2,303.27 1 14
github.com/mnemcik/consigliere/cmd/share_publish.go:303.27,305.3 1 0
github.com/mnemcik/consigliere/cmd/status.go:12.13,14.2 1 1
github.com/mnemcik/consigliere/cmd/status.go:22.57,24.16 2 0
github.com/mnemcik/consigliere/cmd/status.go:24.16,26.3 1 0
github.com/mnemcik/consigliere/cmd/status.go:28.2,29.16 2 0
github.com/mnemcik/consigliere/cmd/status.go:29.16,31.3 1 0
github.com/mnemcik/consigliere/cmd/status.go:32.2,32.16 1 0
github.com/mnemcik/consigliere/cmd/status.go:32.16,36.3 3 0
github.com/mnemcik/consigliere/cmd/status.go:38.2,41.50 2 0
github.com/mnemcik/consigliere/cmd/status.go:41.50,43.24 2 0
github.com/mnemcik/consigliere/cmd/status.go:43.24,45.31 2 0
github.com/mnemcik/consigliere/cmd/status.go:45.31,46.49 1 0
github.com/mnemcik/consigliere/cmd/status.go:46.49,48.6 1 0
github.com/mnemcik/consigliere/cmd/status.go:50.4,50.72 1 0
github.com/mnemcik/consigliere/cmd/status.go:51.9,53.4 1 0
github.com/mnemcik/consigliere/cmd/status.go:57.2,68.12 7 0
github.com/mnemcik/consigliere/cmd/status.go:71.50,73.16 2 0
github.com/mnemcik/consigliere/cmd/status.go:73.16,75.3 1 0
github.com/mnemcik/consigliere/cmd/status.go:76.2,77.28 2 0
github.com/mnemcik/consigliere/cmd/status.go:77.28,78.73 1 0
github.com/mnemcik/consigliere/cmd/status.go:78.73,80.4 1 0
github.com/mnemcik/consigliere/cmd/status.go:82.2,82.14 1 0
github.com/mnemcik/consigliere/cmd/sync.go:19.13,23.2 2 1
github.com/mnemcik/consigliere/cmd/sync.go:41.55,43.16 2 0
github.com/mnemcik/consigliere/cmd/sync.go:43.16,45.3 1 0
github.com/mnemcik/consigliere/cmd/sync.go:47.2,48.16 2 0
github.com/mnemcik/consigliere/cmd/sync.go:48.16,50.3 1 0
github.com/mnemcik/consigliere/cmd/sync.go:51.2,51.16 1 0
github.com/mnemcik/consigliere/cmd/sync.go:51.16,55.3 3 0
github.com/mnemcik/consigliere/cmd/sync.go:57.2,58.16 2 0
github.com/mnemcik/consigliere/cmd/sync.go:58.16,60.3 1 0
github.com/mnemcik/consigliere/cmd/sync.go:61.2,61.15 1 0
github.com/mnemcik/consigliere/cmd/sync.go:61.15,65.3 3 0
github.com/mnemcik/consigliere/cmd/sync.go:67.2,68.16 2 0
github.com/mnemcik/consigliere/cmd/sync.go:68.16,70.3 1 0
github.com/mnemcik/consigliere/cmd/sync.go:71.2,72.16 2 0
github.com/mnemcik/consigliere/cmd/sync.go:72.16,74.3 1 0
github.com/mnemcik/consigliere/cmd/sync.go:76.2,76.16 1 0
github.com/mnemcik/consigliere/cmd/sync.go:76.16,79.18 3 0
github.com/mnemcik/consigliere/cmd/sync.go:79.18,81.4 1 0
github.com/mnemcik/consigliere/cmd/sync.go:82.3,83.13 2 0
github.com/mnemcik/consigliere/cmd/sync.go:86.2,87.16 2 0
github.com/mnemcik/consigliere/cmd/sync.go:87.16,89.3 1 0
github.com/mnemcik/consigliere/cmd/sync.go:90.2,91.16 2 0
github.com/mnemcik/consigliere/cmd/sync.go:91.16,93.3 1 0
github.com/mnemcik/consigliere/cmd/sync.go:94.2,97.17 3 0
github.com/mnemcik/consigliere/cmd/sync.go:97.17,99.3 1 0
github.com/mnemcik/consigliere/cmd/sync.go:100.2,101.12 2 0
github.com/mnemcik/consigliere/cmd/sync.go:106.49,107.23 1 0
github.com/mnemcik/consigliere/cmd/sync.go:107.23,109.3 1 0
github.com/mnemcik/consigliere/cmd/sync.go:110.2,111.30 2 0
github.com/mnemcik/consigliere/cmd/sync.go:111.30,113.3 1 0
github.com/mnemcik/consigliere/cmd/sync.go:114.2,114.56 1 0
github.com/mnemcik/consigliere/cmd/sync.go:118.53,119.26 1 0
github.com/mnemcik/consigliere/cmd/sync.go:119.26,121.3 1 0
github.com/mnemcik/consigliere/cmd/sync.go:122.2,123.33 2 0
github.com/mnemcik/consigliere/cmd/sync.go:123.33,125.3 1 0
github.com/mnemcik/consigliere/cmd/sync.go:140.61,143.6 3 6
github.com/mnemcik/consigliere/cmd/sync.go:143.6,145.17 2 6
github.com/mnemcik/consigliere/cmd/sync.go:145.17,149.61 3 6
github.com/mnemcik/consigliere/cmd/sync.go:149.61,151.5 1 2
github.com/mnemcik/consigliere/cmd/sync.go:152.4,152.20 1 4
github.com/mnemcik/consigliere/cmd/sync.go:154.3,155.22 2 0
github.com/mnemcik/consigliere/cmd/sync.go:155.22,157.4 1 0
github.com/mnemcik/consigliere/cmd/sync.go:158.3,159.17 2 0
github.com/mnemcik/consigliere/cmd/sync.go:163.201,168.16 2 5
github.com/mnemcik/consigliere/cmd/sync.go:168.16,170.3 1 0
github.com/mnemcik/consigliere/cmd/sync.go:172.2,174.16 3 5
github.com/mnemcik/consigliere/cmd/sync.go:174.16,176.3 1 0
github.com/mnemcik/consigliere/cmd/sync.go:177.2,178.34 2 5
github.com/mnemcik/consigliere/cmd/sync.go:178.34,179.37 1 10
github.com/mnemcik/consigliere/cmd/sync.go:179.37,180.12 1 7
github.com/mnemcik/consigliere/cmd/sync.go:182.3,183.10 2 3
github.com/mnemcik/consigliere/cmd/sync.go:183.10,184.12 1 0
github.com/mnemcik/consigliere/cmd/sync.go:186.3,186.20 1 3
github.com/mnemcik/consigliere/cmd/sync.go:187.32,188.85 1 1
github.com/mnemcik/consigliere/cmd/sync.go:188.85,193.5 4 1
github.com/mnemcik/consigliere/cmd/sync.go:194.26,198.52 4 1
github.com/mnemcik/consigliere/cmd/sync.go:199.100,199.100 0 1
github.com/mnemcik/consigliere/cmd/sync.go:203.2,203.21 1 5
github.com/mnemcik/consigliere/cmd/sync.go:203.21,204.76 1 1
github.com/mnemcik/consigliere/cmd/sync.go:204.76,206.4 1 0
github.com/mnemcik/consigliere/cmd/sync.go:210.2,210.34 1 5
github.com/mnemcik/consigliere/cmd/sync.go:210.34,211.34 1 10
github.com/mnemcik/consigliere/cmd/sync.go:211.34,212.12 1 3
github.com/mnemcik/consigliere/cmd/sync.go:214.3,214.77 1 7
github.com/mnemcik/consigliere/cmd/sync.go:214.77,215.12 1 1
github.com/mnemcik/consigliere/cmd/sync.go:217.3,218.10 2 6
github.com/mnemcik/consigliere/cmd/sync.go:218.10,219.12 1 0
github.com/mnemcik/consigliere/cmd/sync.go:221.3,225.82 2 6
github.com/mnemcik/consigliere/cmd/sync.go:225.82,227.4 1 2
github.com/mnemcik/consigliere/cmd/sync.go:230.3,231.34 1 4
github.com/mnemcik/consigliere/cmd/sync.go:231.34,233.4 1 1
github.com/mnemcik/consigliere/cmd/sync.go:234.3,234.72 1 3
github.com/mnemcik/consigliere/cmd/sync.go:234.72,236.4 1 0
github.com/mnemcik/consigliere/cmd/sync.go:240.3,241.59 2 3
github.com/mnemcik/consigliere/cmd/sync.go:241.59,242.70 1 2
github.com/mnemcik/consigliere/cmd/sync.go:242.70,248.41 3 1
github.com/mnemcik/consigliere/cmd/sync.go:248.41,250.6 1 0
github.com/mnemcik/consigliere/cmd/sync.go:251.5,251.37 1 1
github.com/mnemcik/consigliere/cmd/sync.go:254.3,254.62 1 3
github.com/mnemcik/consigliere/cmd/sync.go:254.62,256.4 1 0
github.com/mnemcik/consigliere/cmd/sync.go:257.3,258.45 2 3
github.com/mnemcik/consigliere/cmd/sync.go:261.2,262.39 2 2
github.com/mnemcik/consigliere/cmd/sync.go:262.39,264.3 1 0
github.com/mnemcik/consigliere/cmd/sync.go:266.2,266.43 1 2
github.com/mnemcik/consigliere/cmd/sync.go:270.56,272.16 2 5
github.com/mnemcik/consigliere/cmd/sync.go:272.16,273.25 1 0
github.com/mnemcik/consigliere/cmd/sync.go:273.25,275.4 1 0
github.com/mnemcik/consigliere/cmd/sync.go:276.3,276.17 1 0
github.com/mnemcik/consigliere/cmd/sync.go:278.2,278.26 1 5
github.com/mnemcik/consigliere/cmd/sync.go:283.56,286.16 3 0
github.com/mnemcik/consigliere/cmd/sync.go:286.16,288.3 1 0
github.com/mnemcik/consigliere/cmd/sync.go:289.2,289.85 1 0
github.com/mnemcik/consigliere/cmd/sync.go:289.85,290.16 1 0
github.com/mnemcik/consigliere/cmd/sync.go:290.16,292.4 1 0
github.com/mnemcik/consigliere/cmd/sync.go:293.3,293.60 1 0
github.com/mnemcik/consigliere/cmd/sync.go:293.60,295.4 1 0
github.com/mnemcik/consigliere/cmd/sync.go:296.3,297.18 2 0
github.com/mnemcik/consigliere/cmd/sync.go:297.18,299.4 1 0
github.com/mnemcik/consigliere/cmd/sync.go:300.3,301.13 2 0
github.com/mnemcik/consigliere/cmd/sync.go:303.2,303.20 1 0
github.com/mnemcik/consigliere/cmd/sync.go:303.20,305.3 1 0
github.com/mnemcik/consigliere/cmd/sync.go:306.2,306.17 1 0
github.com/mnemcik/consigliere/cmd/sync.go:309.87,311.16 2 0
github.com/mnemcik/consigliere/cmd/sync.go:311.16,313.3 1 0
github.com/mnemcik/consigliere/cmd/sync.go:313.8,315.38 2 0
github.com/mnemcik/consigliere/cmd/sync.go:315.38,317.4 1 0
github.com/mnemcik/consigliere/cmd/sync.go:318.3,318.35 1 0
github.com/mnemcik/consigliere/cmd/sync.go:318.35,320.4 1 0
github.com/mnemcik/consigliere/cmd/sync.go:324.2,325.60 2 0
github.com/mnemcik/consigliere/cmd/sync.go:325.60,327.27 2 0
github.com/mnemcik/consigliere/cmd/sync.go:327.27,329.4 1 0
github.com/mnemcik/consigliere/cmd/sync.go:331.2,337.4 1 0
github.com/mnemcik/consigliere/cmd/sync.go:337.4,338.46 1 0
github.com/mnemcik/consigliere/cmd/sync.go:338.46,340.29 2 0
github.com/mnemcik/consigliere/cmd/sync.go:340.29,342.5 1 0
github.com/mnemcik/consigliere/cmd/sync.go:349.85,351.16 2 0
github.com/mnemcik/consigliere/cmd/sync.go:351.16,353.3 1 0
github.com/mnemcik/consigliere/cmd/sync.go:354.2,355.71 2 0
github.com/mnemcik/consigliere/cmd/sync.go:355.71,357.18 2 0
github.com/mnemcik/consigliere/cmd/sync.go:357.18,359.4 1 0
github.com/mnemcik/consigliere/cmd/sync.go:360.3,360.36 1 0
github.com/mnemcik/consigliere/cmd/sync.go:362.2,362.33 1 0
github.com/mnemcik/consigliere/cmd/sync.go:369.139,371.16 2 8
github.com/mnemcik/consigliere/cmd/sync.go:371.16,373.3 1 0
github.com/mnemcik/consigliere/cmd/sync.go:374.2,382.8 4 8
github.com/mnemcik/consigliere/cmd/sync.go:387.68,389.16 2 8
github.com/mnemcik/consigliere/cmd/sync.go:389.16,390.25 1 0
github.com/mnemcik/consigliere/cmd/sync.go:390.25,392.4 1 0
github.com/mnemcik/consigliere/cmd/sync.go:393.3,393.18 1 0
github.com/mnemcik/consigliere/cmd/sync.go:395.2,395.40 1 8
github.com/mnemcik/consigliere/cmd/sync.go:399.53,401.57 2 16
github.com/mnemcik/consigliere/cmd/sync.go:401.57,403.3 1 18
github.com/mnemcik/consigliere/cmd/sync.go:404.2,404.12 1 16
github.com/mnemcik/consigliere/cmd/sync.go:409.92,412.63 3 8
github.com/mnemcik/consigliere/cmd/sync.go:412.63,413.28 1 16
github.com/mnemcik/consigliere/cmd/sync.go:413.28,414.38 1 22
github.com/mnemcik/consigliere/cmd/sync.go:414.38,415.13 1 9
github.com/mnemcik/consigliere/cmd/sync.go:417.4,419.18 3 13
github.com/mnemcik/consigliere/cmd/sync.go:419.18,420.13 1 4
github.com/mnemcik/consigliere/cmd/sync.go:422.4,422.50 1 9
github.com/mnemcik/consigliere/cmd/sync.go:425.2,425.12 1 8
github.com/mnemcik/consigliere/cmd/sync.go:428.71,430.22 2 16
github.com/mnemcik/consigliere/cmd/sync.go:430.22,432.3 1 18
github.com/mnemcik/consigliere/cmd/sync.go:433.2,433.12 1 16
github.com/mnemcik/consigliere/cmd/sync.go:448.77,452.26 3 0
github.com/mnemcik/consigliere/cmd/sync.go:452.26,455.3 2 0
github.com/mnemcik/consigliere/cmd/sync.go:457.2,458.37 2 0
github.com/mnemcik/consigliere/cmd/sync.go:458.37,460.22 2 0
github.com/mnemcik/consigliere/cmd/sync.go:460.22,461.12 1 0
github.com/mnemcik/consigliere/cmd/sync.go:463.3,464.28 2 0
github.com/mnemcik/consigliere/cmd/sync.go:464.28,466.4 1 0
github.com/mnemcik/consigliere/cmd/sync.go:467.3,467.16 1 0
github.com/mnemcik/consigliere/cmd/sync.go:470.2,470.99 1 0
github.com/mnemcik/consigliere/cmd/tags.go:15.13,17.2 1 1
github.com/mnemcik/consigliere/cmd/tags.go:27.52,31.16 3 0
github.com/mnemcik/consigliere/cmd/tags.go:31.16,33.3 1 0
github.com/mnemcik/consigliere/cmd/tags.go:34.2,35.16 2 0
github.com/mnemcik/consigliere/cmd/tags.go:35.16,37.3 1 0
github.com/mnemcik/consigliere/cmd/tags.go:38.2,39.22 2 0
github.com/mnemcik/consigliere/cmd/tags.go:39.22,42.3 2 0
github.com/mnemcik/consigliere/cmd/tags.go:43.2,45.27 3 0
github.com/mnemcik/consigliere/cmd/tags.go:45.27,47.3 1 0
github.com/mnemcik/consigliere/cmd/tags.go:48.2,48.12 1 0
github.com/mnemcik/consigliere/cmd/tags.go:53.56,55.16 2 64
github.com/mnemcik/consigliere/cmd/tags.go:55.16,57.3 1 0
github.com/mnemcik/consigliere/cmd/tags.go:58.2,58.68 1 64
github.com/mnemcik/consigliere/cmd/tags.go:58.68,60.3 1 26
github.com/mnemcik/consigliere/cmd/tags.go:61.2,62.16 2 38
github.com/mnemcik/consigliere/cmd/tags.go:62.16,64.3 1 1
github.com/mnemcik/consigliere/cmd/tags.go:65.2,65.18 1 37
github.com/mnemcik/consigliere/cmd/update.go:21.13,29.2 7 1
github.com/mnemcik/consigliere/cmd/update.go:45.51,48.44 2 3
github.com/mnemcik/consigliere/cmd/update.go:48.44,52.4 3 1
github.com/mnemcik/consigliere/cmd/update.go:54.3,55.17 2 2
github.com/mnemcik/consigliere/cmd/update.go:55.17,62.4 4 0
github.com/mnemcik/consigliere/cmd/update.go:64.3,66.20 3 2
github.com/mnemcik/consigliere/cmd/update.go:66.20,68.4 1 1
github.com/mnemcik/consigliere/cmd/update.go:68.9,70.4 1 1
github.com/mnemcik/consigliere/cmd/update.go:71.3,72.14 2 2
github.com/mnemcik/consigliere/cmd/update.go:80.51,84.44 3 0
github.com/mnemcik/consigliere/cmd/update.go:84.44,88.4 3 0
github.com/mnemcik/consigliere/cmd/update.go:91.3,91.57 1 0
github.com/mnemcik/consigliere/cmd/update.go:91.57,92.18 1 0
github.com/mnemcik/consigliere/cmd/update.go:93.33,95.51 2 0
github.com/mnemcik/consigliere/cmd/update.go:96.12,99.116 3 0
github.com/mnemcik/consigliere/cmd/update.go:101.4,102.14 2 0
github.com/mnemcik/consigliere/cmd/update.go:105.3,108.17 4 0
github.com/mnemcik/consigliere/cmd/update.go:108.17,110.4 1 0
github.com/mnemcik/consigliere/cmd/update.go:111.3,111.21 1 0
github.com/mnemcik/consigliere/cmd/update.go:111.21,115.4 3 0
github.com/mnemcik/consigliere/cmd/update.go:117.3,117.102 1 0
github.com/mnemcik/consigliere/cmd/update.go:117.102,119.4 1 0
github.com/mnemcik/consigliere/cmd/update.go:120.3,121.88 2 0
github.com/mnemcik/consigliere/cmd/update.go:121.88,123.4 1 0
github.com/mnemcik/consigliere/cmd/update.go:125.3,126.109 2 0
github.com/mnemcik/consigliere/cmd/update.go:126.109,130.4 1 0
github.com/mnemcik/consigliere/cmd/update.go:132.3,135.14 4 0
github.com/mnemcik/consigliere/cmd/update.go:143.51,145.19 2 2
github.com/mnemcik/consigliere/cmd/update.go:145.19,147.4 1 1
github.com/mnemcik/consigliere/cmd/update.go:148.3,149.17 2 1
github.com/mnemcik/consigliere/cmd/update.go:149.17,151.4 1 0
github.com/mnemcik/consigliere/cmd/update.go:152.3,152.15 1 1
github.com/mnemcik/consigliere/cmd/update.go:152.15,155.4 2 1
github.com/mnemcik/consigliere/cmd/update.go:156.3,157.14 2 0
github.com/mnemcik/consigliere/cmd/update.go:165.51,167.19 2 1
github.com/mnemcik/consigliere/cmd/update.go:167.19,169.4 1 0
github.com/mnemcik/consigliere/cmd/update.go:170.3,171.17 2 1
github.com/mnemcik/consigliere/cmd/update.go:171.17,173.4 1 0
github.com/mnemcik/consigliere/cmd/update.go:174.3,174.15 1 1
github.com/mnemcik/consigliere/cmd/update.go:174.15,177.4 2 1
github.com/mnemcik/consigliere/cmd/update.go:178.3,179.14 2 0
github.com/mnemcik/consigliere/cmd/version.go:9.13,11.2 1 1
github.com/mnemcik/consigliere/cmd/version.go:16.54,19.3 2 1
github.com/mnemcik/consigliere/cmd/worktree.go:22.13,34.2 8 1
github.com/mnemcik/consigliere/cmd/worktree.go:38.104,40.16 2 0
github.com/mnemcik/consigliere/cmd/worktree.go:40.16,42.3 1 0
github.com/mnemcik/consigliere/cmd/worktree.go:43.2,44.16 2 0
github.com/mnemcik/consigliere/cmd/worktree.go:44.16,46.3 1 0
github.com/mnemcik/consigliere/cmd/worktree.go:47.2,48.16 2 0
github.com/mnemcik/consigliere/cmd/worktree.go:48.16,50.3 1 0
github.com/mnemcik/consigliere/cmd/worktree.go:51.2,51.47 1 0
github.com/mnemcik/consigliere/cmd/worktree.go:80.65,88.16 4 0
github.com/mnemcik/consigliere/cmd/worktree.go:88.16,90.3 1 0
github.com/mnemcik/consigliere/cmd/worktree.go:92.2,99.16 2 0
github.com/mnemcik/consigliere/cmd/worktree.go:99.16,101.3 1 0
github.com/mnemcik/consigliere/cmd/worktree.go:103.2,104.12 2 0
github.com/mnemcik/consigliere/cmd/worktree.go:130.63,138.16 4 0
github.com/mnemcik/consigliere/cmd/worktree.go:138.16,140.3 1 0
github.com/mnemcik/consigliere/cmd/worktree.go:142.2,143.32 2 0
github.com/mnemcik/consigliere/cmd/worktree.go:143.32,145.3 1 0
github.com/mnemcik/consigliere/cmd/worktree.go:146.2,147.20 2 0
github.com/mnemcik/consigliere/cmd/worktree.go:147.20,149.3 1 0
github.com/mnemcik/consigliere/cmd/worktree.go:151.2,158.16 2 0
github.com/mnemcik/consigliere/cmd/worktree.go:158.16,160.3 1 0
github.com/mnemcik/consigliere/cmd/worktree.go:162.2,163.42 2 0
github.com/mnemcik/consigliere/cmd/worktree.go:163.42,165.3 1 0
github.com/mnemcik/consigliere/cmd/worktree.go:166.2,167.12 2 0
github.com/mnemcik/consigliere/cmd/worktree.go:197.65,202.16 4 0
github.com/mnemcik/consigliere/cmd/worktree.go:202.16,204.3 1 0
github.com/mnemcik/consigliere/cmd/worktree.go:206.2,212.23 1 0
github.com/mnemcik/consigliere/cmd/worktree.go:225.63,230.16 4 0
github.com/mnemcik/consigliere/cmd/worktree.go:230.16,232.3 1 0
github.com/mnemcik/consigliere/cmd/worktree.go:234.2,240.16 2 0
github.com/mnemcik/consigliere/cmd/worktree.go:240.16,242.3 1 0
github.com/mnemcik/consigliere/cmd/worktree.go:244.2,246.28 3 0
github.com/mnemcik/consigliere/cmd/worktree.go:246.28,248.17 2 0
github.com/mnemcik/consigliere/cmd/worktree.go:248.17,250.4 1 0
github.com/mnemcik/consigliere/cmd/worktree.go:251.3,252.17 2 0
github.com/mnemcik/consigliere/cmd/worktree.go:252.17,254.4 1 0
github.com/mnemcik/consigliere/cmd/worktree.go:255.3,256.20 2 0
github.com/mnemcik/consigliere/cmd/worktree.go:256.20,257.19 1 0
github.com/mnemcik/consigliere/cmd/worktree.go:257.19,259.5 1 0
github.com/mnemcik/consigliere/cmd/worktree.go:259.10,261.5 1 0
github.com/mnemcik/consigliere/cmd/worktree.go:263.3,263.74 1 0
github.com/mnemcik/consigliere/cmd/worktree.go:265.2,265.19 1 0
